CREATE DATABASE  IF NOT EXISTS `store` /*!40100 DEFAULT CHARACTER SET utf8mb4 COLLATE utf8mb4_0900_ai_ci */;
USE `store`;
-- MySQL dump 10.13  Distrib 8.0.16, for Win64 (x86_64)
--
-- Host: 127.0.0.1    Database: store
-- ------------------------------------------------------
-- Server version	8.0.15

/*!40101 SET @OLD_CHARACTER_SET_CLIENT=@@CHARACTER_SET_CLIENT */;
/*!40101 SET @OLD_CHARACTER_SET_RESULTS=@@CHARACTER_SET_RESULTS */;
/*!40101 SET @OLD_COLLATION_CONNECTION=@@COLLATION_CONNECTION */;
 SET NAMES utf8 ;
/*!40103 SET @OLD_TIME_ZONE=@@TIME_ZONE */;
/*!40103 SET TIME_ZONE='+00:00' */;
/*!40014 SET @OLD_UNIQUE_CHECKS=@@UNIQUE_CHECKS, UNIQUE_CHECKS=0 */;
/*!40014 SET @OLD_FOREIGN_KEY_CHECKS=@@FOREIGN_KEY_CHECKS, FOREIGN_KEY_CHECKS=0 */;
/*!40101 SET @OLD_SQL_MODE=@@SQL_MODE, SQL_MODE='NO_AUTO_VALUE_ON_ZERO' */;
/*!40111 SET @OLD_SQL_NOTES=@@SQL_NOTES, SQL_NOTES=0 */;

--
-- Table structure for table `address`
--

DROP TABLE IF EXISTS `address`;
/*!40101 SET @saved_cs_client     = @@character_set_client */;
 SET character_set_client = utf8mb4 ;
CREATE TABLE `address` (
  `id` int(10) unsigned NOT NULL AUTO_INCREMENT,
  `address` varchar(150) NOT NULL,
  PRIMARY KEY (`id`)
) ENGINE=InnoDB AUTO_INCREMENT=75 DEFAULT CHARSET=utf8mb4 COLLATE=utf8mb4_0900_ai_ci;
/*!40101 SET character_set_client = @saved_cs_client */;

--
-- Dumping data for table `address`
--

LOCK TABLES `address` WRITE;
/*!40000 ALTER TABLE `address` DISABLE KEYS */;
INSERT INTO `address` (`id`, `address`) VALUES (1,'Russia, Taganrog, 183031, Solnechnaya, 8, 1'),(3,'Russia, Spb, 198506, Lesnaya, 13, 1'),(34,'Russia, Taganrog, 183031, Solnechnaya, 8, 1'),(74,'Russia, Murmansk, 183031, Mironova, 10, 63');
/*!40000 ALTER TABLE `address` ENABLE KEYS */;
UNLOCK TABLES;

--
-- Table structure for table `address_user`
--

DROP TABLE IF EXISTS `address_user`;
/*!40101 SET @saved_cs_client     = @@character_set_client */;
 SET character_set_client = utf8mb4 ;
CREATE TABLE `address_user` (
  `id` int(10) unsigned NOT NULL AUTO_INCREMENT,
  `address_id` int(10) unsigned DEFAULT NULL,
  `user_id` int(10) unsigned DEFAULT NULL,
  PRIMARY KEY (`id`),
  KEY `address_id` (`address_id`),
  KEY `user_id` (`user_id`),
  CONSTRAINT `address_user_ibfk_1` FOREIGN KEY (`address_id`) REFERENCES `address` (`id`),
  CONSTRAINT `address_user_ibfk_2` FOREIGN KEY (`user_id`) REFERENCES `user` (`id`)
) ENGINE=InnoDB AUTO_INCREMENT=59 DEFAULT CHARSET=utf8mb4 COLLATE=utf8mb4_0900_ai_ci;
/*!40101 SET character_set_client = @saved_cs_client */;

--
-- Dumping data for table `address_user`
--

LOCK TABLES `address_user` WRITE;
/*!40000 ALTER TABLE `address_user` DISABLE KEYS */;
INSERT INTO `address_user` (`id`, `address_id`, `user_id`) VALUES (3,3,3),(4,1,4),(17,34,2),(58,74,1);
/*!40000 ALTER TABLE `address_user` ENABLE KEYS */;
UNLOCK TABLES;

--
-- Table structure for table `cart`
--

DROP TABLE IF EXISTS `cart`;
/*!40101 SET @saved_cs_client     = @@character_set_client */;
 SET character_set_client = utf8mb4 ;
CREATE TABLE `cart` (
  `user_id` int(10) unsigned NOT NULL,
  `totalPrice` int(10) unsigned DEFAULT NULL,
  `totalAmount` int(11) DEFAULT NULL,
  PRIMARY KEY (`user_id`),
  CONSTRAINT `cart_ibfk_1` FOREIGN KEY (`user_id`) REFERENCES `user` (`id`)
) ENGINE=InnoDB DEFAULT CHARSET=utf8mb4 COLLATE=utf8mb4_0900_ai_ci;
/*!40101 SET character_set_client = @saved_cs_client */;

--
-- Dumping data for table `cart`
--

LOCK TABLES `cart` WRITE;
/*!40000 ALTER TABLE `cart` DISABLE KEYS */;
INSERT INTO `cart` (`user_id`, `totalPrice`, `totalAmount`) VALUES (1,0,0),(2,4000,2),(3,0,0);
/*!40000 ALTER TABLE `cart` ENABLE KEYS */;
UNLOCK TABLES;

--
-- Table structure for table `cartitem`
--

DROP TABLE IF EXISTS `cartitem`;
/*!40101 SET @saved_cs_client     = @@character_set_client */;
 SET character_set_client = utf8mb4 ;
CREATE TABLE `cartitem` (
  `id` int(10) unsigned NOT NULL AUTO_INCREMENT,
  `product_id` int(10) unsigned DEFAULT NULL,
  `amount` int(11) DEFAULT NULL,
  `cart_id` int(10) unsigned DEFAULT NULL,
  `totalPrice` int(10) unsigned DEFAULT NULL,
  PRIMARY KEY (`id`),
  KEY `cart_id` (`cart_id`),
  KEY `product_id` (`product_id`),
  CONSTRAINT `cartitem_ibfk_1` FOREIGN KEY (`cart_id`) REFERENCES `cart` (`user_id`),
  CONSTRAINT `cartitem_ibfk_2` FOREIGN KEY (`product_id`) REFERENCES `product` (`id`)
) ENGINE=InnoDB AUTO_INCREMENT=238 DEFAULT CHARSET=utf8mb4 COLLATE=utf8mb4_0900_ai_ci;
/*!40101 SET character_set_client = @saved_cs_client */;

--
-- Dumping data for table `cartitem`
--

LOCK TABLES `cartitem` WRITE;
/*!40000 ALTER TABLE `cartitem` DISABLE KEYS */;
INSERT INTO `cartitem` (`id`, `product_id`, `amount`, `cart_id`, `totalPrice`) VALUES (225,4,2,2,4000);
/*!40000 ALTER TABLE `cartitem` ENABLE KEYS */;
UNLOCK TABLES;

--
-- Table structure for table `category`
--

DROP TABLE IF EXISTS `category`;
/*!40101 SET @saved_cs_client     = @@character_set_client */;
 SET character_set_client = utf8mb4 ;
CREATE TABLE `category` (
  `id` int(10) unsigned NOT NULL AUTO_INCREMENT,
  `name` varchar(150) NOT NULL,
  `Parent_Category_id` int(10) unsigned DEFAULT NULL,
  `isDeleted` tinyint(1) DEFAULT NULL,
  PRIMARY KEY (`id`),
  KEY `Parent_Category_id` (`Parent_Category_id`),
  CONSTRAINT `category_ibfk_1` FOREIGN KEY (`Parent_Category_id`) REFERENCES `category` (`id`)
) ENGINE=InnoDB AUTO_INCREMENT=28 DEFAULT CHARSET=utf8mb4 COLLATE=utf8mb4_0900_ai_ci;
/*!40101 SET character_set_client = @saved_cs_client */;

--
-- Dumping data for table `category`
--

LOCK TABLES `category` WRITE;
/*!40000 ALTER TABLE `category` DISABLE KEYS */;
INSERT INTO `category` (`id`, `name`, `Parent_Category_id`, `isDeleted`) VALUES (3,'Party games',22,0),(4,'Games for kids',22,0),(6,'Card games',22,0),(12,'Logical',22,0),(20,'Cooperative games',22,0),(22,'Board games',NULL,0),(24,'Classic game',22,0),(25,'Competitive games',22,0),(27,'Role modelling games',22,1);
/*!40000 ALTER TABLE `category` ENABLE KEYS */;
UNLOCK TABLES;

--
-- Table structure for table `order_audit`
--

DROP TABLE IF EXISTS `order_audit`;
/*!40101 SET @saved_cs_client     = @@character_set_client */;
 SET character_set_client = utf8mb4 ;
CREATE TABLE `order_audit` (
  `id` int(10) unsigned NOT NULL AUTO_INCREMENT,
  `order_id` int(10) unsigned DEFAULT NULL,
  `date` datetime DEFAULT NULL,
  `status_prev` int(10) unsigned DEFAULT NULL,
  `status_now` int(10) unsigned DEFAULT NULL,
  `isPaid` tinyint(1) DEFAULT NULL,
  `manager_id` int(10) unsigned DEFAULT NULL,
  PRIMARY KEY (`id`),
  KEY `order_id` (`order_id`),
  KEY `status_prev` (`status_prev`),
  KEY `status_now` (`status_now`),
  KEY `manager_id` (`manager_id`),
  CONSTRAINT `order_audit_ibfk_1` FOREIGN KEY (`order_id`) REFERENCES `orders` (`id`),
  CONSTRAINT `order_audit_ibfk_2` FOREIGN KEY (`status_prev`) REFERENCES `order_status` (`id`),
  CONSTRAINT `order_audit_ibfk_3` FOREIGN KEY (`status_now`) REFERENCES `order_status` (`id`),
  CONSTRAINT `order_audit_ibfk_4` FOREIGN KEY (`manager_id`) REFERENCES `user` (`id`)
) ENGINE=InnoDB AUTO_INCREMENT=240 DEFAULT CHARSET=utf8mb4 COLLATE=utf8mb4_0900_ai_ci;
/*!40101 SET character_set_client = @saved_cs_client */;

--
-- Dumping data for table `order_audit`
--

LOCK TABLES `order_audit` WRITE;
/*!40000 ALTER TABLE `order_audit` DISABLE KEYS */;
INSERT INTO `order_audit` (`id`, `order_id`, `date`, `status_prev`, `status_now`, `isPaid`, `manager_id`) VALUES (1,173,'2019-04-27 00:00:00',1,1,0,1),(2,173,'2019-04-27 00:00:00',3,3,0,1),(3,174,'2019-04-27 00:00:00',1,1,0,1),(4,174,'2019-04-27 00:00:00',3,3,0,1),(5,174,'2019-04-27 00:00:00',4,4,0,1),(6,175,'2019-04-28 09:38:19',1,1,0,1),(7,175,'2019-04-28 09:38:25',3,3,0,1),(8,173,'2019-04-28 09:44:36',4,4,0,1),(9,176,'2019-04-28 22:38:58',1,1,0,1),(10,176,'2019-04-28 22:39:02',3,3,0,1),(11,177,'2019-04-28 22:44:38',1,1,0,1),(12,177,'2019-04-28 22:44:41',3,3,0,1),(13,179,'2019-04-28 23:15:36',1,1,0,1),(14,179,'2019-04-28 23:15:42',3,3,0,1),(15,179,'2019-04-28 23:28:25',4,4,0,1),(16,177,'2019-04-28 23:30:36',4,4,0,1),(17,176,'2019-04-28 23:44:02',4,4,1,1),(18,180,'2019-04-29 00:02:13',NULL,1,0,1),(19,180,'2019-04-29 00:02:18',1,3,0,1),(20,180,'2019-04-29 00:02:36',3,4,1,1),(21,181,'2019-04-29 00:02:47',NULL,1,0,1),(22,181,'2019-04-29 00:02:49',1,6,0,1),(23,182,'2019-04-29 00:02:53',NULL,1,0,1),(24,183,'2019-04-29 00:02:54',NULL,1,0,1),(25,183,'2019-04-29 00:02:58',1,3,1,1),(26,183,'2019-04-29 00:02:59',3,3,1,1),(27,182,'2019-04-29 00:04:27',1,2,0,1),(28,184,'2019-04-29 00:04:53',NULL,1,0,1),(29,184,'2019-04-29 00:05:01',1,3,1,1),(30,185,'2019-04-29 00:05:49',NULL,1,0,1),(31,185,'2019-04-29 00:05:54',1,3,1,1),(32,186,'2019-04-29 00:15:44',NULL,1,0,1),(33,186,'2019-04-29 00:15:50',1,3,1,1),(34,187,'2019-04-29 00:20:16',NULL,1,0,1),(35,187,'2019-04-29 00:20:21',1,3,1,1),(36,187,'2019-04-29 00:20:48',3,4,1,1),(37,188,'2019-04-29 00:28:07',NULL,1,0,1),(38,188,'2019-04-29 00:28:11',1,3,1,1),(39,189,'2019-04-29 00:28:33',NULL,1,0,1),(40,189,'2019-04-29 00:28:35',1,6,0,1),(41,182,'2019-04-29 00:31:41',2,6,0,1),(42,188,'2019-04-29 00:33:02',3,6,0,1),(43,190,'2019-05-01 09:33:03',NULL,1,0,1),(44,190,'2019-05-01 09:33:07',1,3,0,1),(45,190,'2019-05-01 09:34:02',3,6,0,1),(46,191,'2019-05-02 20:21:22',NULL,1,0,1),(47,198,'2019-05-06 11:06:44',NULL,1,0,1),(48,198,'2019-05-06 11:22:14',1,3,0,1),(49,198,'2019-05-06 11:22:19',3,4,1,1),(50,199,'2019-05-06 11:22:34',NULL,1,0,1),(51,199,'2019-05-06 11:22:48',1,3,1,1),(52,200,'2019-05-06 11:24:11',NULL,1,0,1),(53,200,'2019-05-06 11:24:23',1,6,0,1),(54,201,'2019-05-06 11:24:26',NULL,1,0,1),(55,201,'2019-05-06 11:24:32',1,6,0,1),(56,203,'2019-05-06 11:24:33',NULL,1,0,1),(57,205,'2019-05-06 11:24:40',NULL,1,0,1),(58,206,'2019-05-06 11:29:25',NULL,1,0,1),(59,206,'2019-05-06 11:29:55',1,6,0,1),(61,208,'2019-05-06 11:30:08',NULL,1,0,1),(62,209,'2019-05-06 12:22:52',NULL,1,0,1),(63,209,'2019-05-06 12:23:10',1,6,0,1),(64,211,'2019-05-06 12:23:12',NULL,1,0,1),(66,211,'2019-05-06 12:23:43',1,3,0,1),(67,175,'2019-05-06 12:24:16',3,4,1,1),(68,212,'2019-05-06 12:35:40',NULL,1,0,1),(69,212,'2019-05-06 12:35:50',1,6,0,1),(70,213,'2019-05-06 12:35:53',NULL,1,0,1),(72,213,'2019-05-06 12:35:54',1,6,0,1),(75,217,'2019-05-06 12:35:56',NULL,1,0,1),(76,217,'2019-05-06 12:35:58',1,6,0,1),(77,218,'2019-05-06 12:41:37',NULL,1,0,1),(78,218,'2019-05-06 12:41:50',1,6,0,1),(79,219,'2019-05-06 12:41:53',NULL,1,0,1),(80,220,'2019-05-06 12:41:53',NULL,1,0,1),(81,220,'2019-05-06 12:41:55',1,6,0,1),(83,223,'2019-05-06 12:41:57',NULL,1,0,1),(85,224,'2019-05-06 13:05:45',NULL,1,0,1),(86,224,'2019-05-06 13:05:56',1,6,0,1),(87,225,'2019-05-06 13:06:04',NULL,1,0,1),(89,225,'2019-05-06 13:06:08',1,6,0,1),(90,227,'2019-05-06 13:06:16',NULL,1,0,1),(93,227,'2019-05-06 13:06:31',1,6,0,1),(96,232,'2019-05-06 13:06:38',NULL,1,0,1),(98,234,'2019-05-08 09:25:04',NULL,1,0,1),(99,235,'2019-05-08 09:25:37',NULL,1,0,1),(100,235,'2019-05-08 09:25:50',1,3,0,1),(101,183,'2019-05-12 00:39:50',3,4,1,1),(102,235,'2019-05-12 00:45:05',3,4,1,1),(103,236,'2019-05-12 00:45:47',NULL,1,0,1),(104,236,'2019-05-12 00:46:03',1,3,1,1),(105,237,'2019-05-12 09:35:33',NULL,1,0,1),(106,238,'2019-05-12 09:38:51',NULL,1,0,1),(107,239,'2019-05-12 09:41:15',NULL,1,0,1),(108,240,'2019-05-12 09:43:57',NULL,1,0,1),(109,241,'2019-05-12 09:54:35',NULL,1,0,1),(110,242,'2019-05-12 09:55:53',NULL,1,0,1),(111,243,'2019-05-12 09:57:55',NULL,1,0,1),(112,244,'2019-05-12 10:03:51',NULL,1,0,1),(113,245,'2019-05-12 10:05:47',NULL,1,0,1),(114,246,'2019-05-12 10:09:33',NULL,1,0,1),(115,247,'2019-05-12 10:10:28',NULL,1,0,1),(116,248,'2019-05-12 10:13:29',NULL,1,0,1),(117,249,'2019-05-12 10:16:52',NULL,1,0,1),(118,250,'2019-05-12 10:18:13',NULL,1,0,1),(119,251,'2019-05-12 10:24:18',NULL,1,0,1),(120,252,'2019-05-12 10:27:04',NULL,1,0,1),(121,253,'2019-05-12 10:32:56',NULL,1,0,1),(122,254,'2019-05-12 10:33:41',NULL,1,0,1),(123,255,'2019-05-12 11:49:53',NULL,1,0,1),(124,255,'2019-05-12 11:50:07',1,6,0,1),(125,256,'2019-05-12 11:50:27',NULL,1,0,1),(128,259,'2019-05-12 11:51:02',NULL,1,0,1),(129,260,'2019-05-12 11:51:24',NULL,1,0,1),(130,261,'2019-05-12 17:59:04',NULL,1,0,1),(131,261,'2019-05-12 17:59:20',1,6,0,1),(132,262,'2019-05-12 17:59:26',NULL,1,0,1),(135,262,'2019-05-12 17:59:34',1,3,0,1),(136,262,'2019-05-12 17:59:34',3,3,0,1),(137,208,'2019-05-12 19:40:45',1,2,0,1),(138,208,'2019-05-12 19:42:06',2,3,0,1),(139,208,'2019-05-12 19:42:12',3,4,1,1),(140,266,'2019-05-12 19:47:20',NULL,1,0,1),(142,266,'2019-05-12 19:47:44',1,6,0,1),(143,267,'2019-05-12 19:47:54',NULL,1,0,1),(147,267,'2019-05-12 19:47:56',1,3,0,1),(148,267,'2019-05-12 19:47:56',3,3,0,1),(149,267,'2019-05-12 19:47:56',3,3,0,1),(150,271,'2019-05-12 19:50:41',NULL,1,0,1),(151,271,'2019-05-12 19:50:43',1,3,0,1),(152,272,'2019-05-12 19:51:25',NULL,1,0,1),(153,272,'2019-05-12 19:51:27',1,3,0,1),(154,273,'2019-05-12 19:52:43',NULL,1,0,1),(155,273,'2019-05-12 19:52:45',1,3,0,1),(156,274,'2019-05-12 23:09:48',NULL,1,0,1),(157,274,'2019-05-12 23:09:52',1,3,0,1),(159,276,'2019-05-12 23:29:24',NULL,1,0,2),(161,276,'2019-05-12 23:29:38',1,3,0,2),(164,277,'2019-05-12 23:30:36',NULL,1,0,1),(165,277,'2019-05-12 23:30:41',1,3,1,1),(166,278,'2019-05-13 08:38:28',NULL,1,0,2),(167,279,'2019-05-13 08:39:33',NULL,1,0,1),(168,280,'2019-05-13 08:42:21',NULL,1,0,2),(169,281,'2019-05-13 08:47:48',NULL,1,0,2),(170,282,'2019-05-13 08:48:00',NULL,1,0,1),(171,285,'2019-05-13 10:09:30',NULL,1,0,1),(172,285,'2019-05-13 10:09:36',1,3,0,1),(174,286,'2019-05-13 10:10:34',NULL,1,0,1),(175,286,'2019-05-13 10:10:39',1,3,0,1),(177,288,'2019-05-13 10:18:24',NULL,1,0,1),(178,288,'2019-05-13 10:20:10',1,6,0,1),(179,289,'2019-05-13 10:30:41',NULL,1,0,1),(180,290,'2019-05-13 10:34:10',NULL,1,0,1),(181,291,'2019-05-13 10:34:38',NULL,1,0,1),(182,291,'2019-05-13 10:34:52',1,6,0,1),(184,292,'2019-05-13 10:37:20',NULL,1,0,1),(185,293,'2019-05-13 10:39:35',NULL,1,0,1),(186,293,'2019-05-13 10:39:38',1,6,0,1),(188,294,'2019-05-13 10:39:44',NULL,1,0,1),(189,294,'2019-05-13 10:39:46',1,6,0,1),(191,295,'2019-05-13 10:50:35',NULL,1,0,1),(192,295,'2019-05-13 10:50:37',1,6,0,1),(194,276,'2019-05-13 11:18:21',3,4,1,2),(195,281,'2019-05-13 11:25:46',1,3,0,2),(196,281,'2019-05-13 11:25:54',3,4,1,2),(197,296,'2019-05-14 16:28:15',NULL,1,0,4),(198,296,'2019-05-14 16:28:21',1,3,1,4),(199,297,'2019-05-14 21:03:21',NULL,1,0,1),(200,297,'2019-05-14 21:03:39',1,3,0,1),(202,297,'2019-05-14 21:12:24',3,4,1,1),(203,298,'2019-05-14 23:24:49',NULL,1,0,1),(204,298,'2019-05-14 23:25:16',1,6,0,1),(207,300,'2019-05-14 23:25:36',NULL,1,0,1),(209,300,'2019-05-14 23:25:51',1,3,0,1),(211,300,'2019-05-14 23:25:51',3,3,0,1),(212,300,'2019-05-14 23:25:51',3,3,0,1),(213,302,'2019-05-14 23:26:12',NULL,1,0,1),(214,302,'2019-05-14 23:26:20',1,3,0,1),(216,300,'2019-05-14 23:28:08',3,6,0,1),(217,303,'2019-05-15 00:31:37',NULL,1,0,1),(219,303,'2019-05-15 00:31:50',1,3,0,1),(222,306,'2019-05-15 00:53:09',NULL,1,0,1),(223,306,'2019-05-15 00:53:37',1,3,0,1),(225,307,'2019-05-15 01:04:42',NULL,1,0,1),(227,307,'2019-05-15 01:05:11',1,6,0,1),(229,309,'2019-05-15 01:05:31',NULL,1,0,1),(232,309,'2019-05-15 01:05:40',1,3,0,1),(233,309,'2019-05-15 01:05:40',3,3,0,1),(235,309,'2019-05-15 01:06:14',3,4,1,1),(236,311,'2019-05-15 14:55:48',NULL,1,0,1),(238,311,'2019-05-15 14:56:00',1,3,0,1),(239,311,'2019-05-15 14:56:47',3,6,0,1);
/*!40000 ALTER TABLE `order_audit` ENABLE KEYS */;
UNLOCK TABLES;

--
-- Table structure for table `order_history`
--

DROP TABLE IF EXISTS `order_history`;
/*!40101 SET @saved_cs_client     = @@character_set_client */;
 SET character_set_client = utf8mb4 ;
CREATE TABLE `order_history` (
  `order_id` int(10) unsigned NOT NULL,
  `date` datetime DEFAULT NULL,
  `payment_type` int(10) unsigned NOT NULL,
  `payment_status` int(10) unsigned DEFAULT NULL,
  `order_status` int(10) unsigned DEFAULT NULL,
  `shippingType_name` varchar(150) NOT NULL,
  `address` varchar(150) NOT NULL,
  `client_name` varchar(150) NOT NULL,
  `email` varchar(150) NOT NULL,
  `totalPrice` int(10) unsigned DEFAULT NULL,
  `totalAmount` int(10) unsigned DEFAULT NULL,
  `user` int(10) unsigned DEFAULT NULL,
  PRIMARY KEY (`order_id`),
  KEY `payment_type` (`payment_type`),
  KEY `payment_status` (`payment_status`),
  KEY `order_status` (`order_status`),
  KEY `user` (`user`),
  CONSTRAINT `order_history_ibfk_1` FOREIGN KEY (`order_id`) REFERENCES `orders` (`id`),
  CONSTRAINT `order_history_ibfk_2` FOREIGN KEY (`payment_type`) REFERENCES `payment_type` (`id`),
  CONSTRAINT `order_history_ibfk_3` FOREIGN KEY (`payment_status`) REFERENCES `payment_status` (`id`),
  CONSTRAINT `order_history_ibfk_4` FOREIGN KEY (`order_status`) REFERENCES `order_status` (`id`),
  CONSTRAINT `order_history_ibfk_5` FOREIGN KEY (`user`) REFERENCES `user` (`id`)
) ENGINE=InnoDB DEFAULT CHARSET=utf8mb4 COLLATE=utf8mb4_0900_ai_ci;
/*!40101 SET character_set_client = @saved_cs_client */;

--
-- Dumping data for table `order_history`
--

LOCK TABLES `order_history` WRITE;
/*!40000 ALTER TABLE `order_history` DISABLE KEYS */;
INSERT INTO `order_history` (`order_id`, `date`, `payment_type`, `payment_status`, `order_status`, `shippingType_name`, `address`, `client_name`, `email`, `totalPrice`, `totalAmount`, `user`) VALUES (173,'2019-04-27 23:20:43',1,2,4,'DHL','Russia, Moscow, 198504, Sadovaya, 78b, 1','Alisa Meteleva','miragge8.al@gmail.com',1000,2,1),(174,'2019-04-26 00:00:00',1,2,4,'DHL','Russia, Moscow, 198504, Sadovaya, 78b, 1','Alisa Meteleva','miragge8.al@gmail.com',100,2,1),(175,'2019-04-28 09:38:19',1,2,4,'DHL','Russia, Moscow, 198504, Sadovaya, 78b, 1','Alisa Meteleva','miragge8.al@gmail.com',0,0,1),(176,'2019-04-28 22:38:58',1,2,4,'PonyExpress','Russia, Moscow, 198504, Sadovaya, 78b, 1','Alisa Meteleva','miragge8.al@gmail.com',6900,0,1),(177,'2019-04-28 22:44:38',1,2,4,'PonyExpress','Russia, Moscow, 198504, Sadovaya, 78b, 1','Alisa Meteleva','miragge8.al@gmail.com',200,0,1),(179,'2019-04-28 23:15:36',1,2,4,'PonyExpress','Russia, Moscow, 198504, Sadovaya, 78b, 1','Alisa Meteleva','miragge8.al@gmail.com',3362,0,1),(180,'2019-04-29 00:02:13',1,2,4,'PonyExpress','Russia, Moscow, 198504, Sadovaya, 78b, 1','Alisa Meteleva','miragge8.al@gmail.com',4012,0,1),(181,'2019-04-29 00:02:47',1,1,6,'PonyExpress','Russia, Moscow, 198504, Sadovaya, 78b, 1','Alisa Meteleva','miragge8.al@gmail.com',0,0,1),(182,'2019-04-29 00:02:53',2,1,6,'DHL ','Russia, Moscow, 198504, Sadovaya, 78b, 1','Alisa Meteleva','miragge8.al@gmail.com',0,0,1),(183,'2019-04-29 00:02:53',2,2,4,'DHL','Russia, Murmansk, 183031, Mironova, 10, 63','Alisa Meteleva','miragge8.al@gmail.com',0,0,1),(184,'2019-04-29 00:04:53',2,2,3,'EMS','Russia, Moscow, 198504, Sadovaya, 78b, 1','Alisa Meteleva','miragge8.al@gmail.com',4000,0,1),(185,'2019-04-29 00:05:49',2,2,3,'EMS','Russia, Moscow, 198504, Sadovaya, 78b, 1','Alisa Meteleva','miragge8.al@gmail.com',0,0,1),(186,'2019-04-29 00:15:44',2,2,3,'EMS','Russia, Moscow, 198504, Sadovaya, 78b, 1','Alisa Meteleva','miragge8.al@gmail.com',4600,0,1),(187,'2019-04-29 00:20:16',2,2,4,'EMS','Russia, Moscow, 198504, Sadovaya, 78b, 1','Alisa Meteleva','miragge8.al@gmail.com',9200,0,1),(188,'2019-04-29 00:28:07',2,1,6,'EMS','Russia, Moscow, 198504, Sadovaya, 78b, 1','Alisa Meteleva','miragge8.al@gmail.com',0,0,1),(189,'2019-04-29 00:28:33',1,1,6,'DHL','Russia, Moscow, 198504, Sadovaya, 78b, 1','Alisa Meteleva','miragge8.al@gmail.com',0,0,1),(190,'2019-05-01 09:33:02',1,1,6,'EMS','Russia, Moscow, 198504, Sadovaya, 78b, 1','Alisa Meteleva','miragge8.al@gmail.com',0,0,1),(191,'2019-05-02 20:21:22',1,1,1,'EMS','Russia, Moscow, 198504, Sadovaya, 78b, 1','Alisa Meteleva','miragge8.al@gmail.com',1000,2,1),(198,'2019-05-06 11:06:44',1,2,4,'EMS','Russia, Moscow, 198504, Sadovaya, 78b, 1','Alisa Meteleva','miragge8.al@gmail.com',1000,0,1),(199,'2019-05-06 11:22:34',2,2,3,'EMS','Russia, Moscow, 198504, Sadovaya, 78b, 1','Alisa Meteleva','miragge8.al@gmail.com',1000,0,1),(200,'2019-05-06 11:24:11',1,1,6,'EMS','Russia, Moscow, 198504, Sadovaya, 78b, 1','Alisa Meteleva','miragge8.al@gmail.com',2200,0,1),(201,'2019-05-06 11:24:26',1,1,6,'EMS','Russia, Moscow, 198504, Sadovaya, 78b, 1','Alisa Meteleva','miragge8.al@gmail.com',2200,0,1),(203,'2019-05-06 11:24:33',1,1,1,'EMS','Russia, Moscow, 198504, Sadovaya, 78b, 1','Alisa Meteleva','miragge8.al@gmail.com',2200,11,1),(205,'2019-05-06 11:24:33',1,1,1,'EMS','Russia, Moscow, 198504, Sadovaya, 78b, 1','Alisa Meteleva','miragge8.al@gmail.com',2200,11,1),(206,'2019-05-06 11:29:25',2,1,6,'EMS','Russia, Moscow, 198504, Sadovaya, 78b, 1','Alisa Meteleva','miragge8.al@gmail.com',2200,0,1),(208,'2019-05-06 11:30:08',1,2,4,'DHL','Russia, Murmansk, 183031, Mironova, 10, 63','Alisa Meteleva ','miragge8.al@gmail.com',2200,0,1),(209,'2019-05-06 12:22:52',1,1,6,'DHL','Russia, Moscow, 198504, Sadovaya, 78b, 1','Alisa Meteleva','miragge8.al@gmail.com',2200,0,1),(211,'2019-05-06 12:23:12',1,1,3,'DHL','Russia, Moscow, 198504, Sadovaya, 78b, 1','Alisa Meteleva','miragge8.al@gmail.com',2200,0,1),(212,'2019-05-06 12:35:40',1,1,6,'DHL','Russia, Moscow, 198504, Sadovaya, 78b, 1','Alisa Meteleva','miragge8.al@gmail.com',0,0,1),(213,'2019-05-06 12:35:53',1,1,6,'DHL','Russia, Moscow, 198504, Sadovaya, 78b, 1','Alisa Meteleva','miragge8.al@gmail.com',0,0,1),(217,'2019-05-06 12:35:56',1,1,6,'DHL','Russia, Moscow, 198504, Sadovaya, 78b, 1','Alisa Meteleva','miragge8.al@gmail.com',0,0,1),(218,'2019-05-06 12:41:36',1,1,6,'DHL','Russia, Moscow, 198504, Sadovaya, 78b, 1','Alisa Meteleva','miragge8.al@gmail.com',0,0,1),(219,'2019-05-06 12:41:53',1,1,1,'DHL','Russia, Moscow, 198504, Sadovaya, 78b, 1','Alisa Meteleva','miragge8.al@gmail.com',0,1,1),(220,'2019-05-06 12:41:53',1,1,6,'DHL','Russia, Moscow, 198504, Sadovaya, 78b, 1','Alisa Meteleva','miragge8.al@gmail.com',0,0,1),(223,'2019-05-06 12:41:57',1,1,1,'DHL','Russia, Moscow, 198504, Sadovaya, 78b, 1','Alisa Meteleva','miragge8.al@gmail.com',0,1,1),(224,'2019-05-06 13:05:40',1,1,6,'DHL','Russia, Moscow, 198504, Sadovaya, 78b, 1','Alisa Meteleva','miragge8.al@gmail.com',0,0,1),(225,'2019-05-06 13:05:59',1,1,6,'DHL','Russia, Moscow, 198504, Sadovaya, 78b, 1','Alisa Meteleva','miragge8.al@gmail.com',0,0,1),(227,'2019-05-06 13:06:11',1,1,6,'DHL','Russia, Moscow, 198504, Sadovaya, 78b, 1','Alisa Meteleva','miragge8.al@gmail.com',0,0,1),(232,'2019-05-06 13:06:33',1,1,1,'DHL','Russia, Moscow, 198504, Sadovaya, 78b, 1','Alisa Meteleva','miragge8.al@gmail.com',0,1,1),(234,'2019-05-08 09:24:59',1,1,1,'DHL','Russia, Spb, 198506, Lesnaya, 13, 1','Alisa Meteleva','miragge8.al@gmail.com',900,3,1),(235,'2019-05-08 09:25:32',1,2,4,'DHL','Russia, Spb, 198506, Lesnaya, 13, 1','Alisa Meteleva','miragge8.al@gmail.com',900,0,1),(236,'2019-05-12 00:45:42',2,2,3,'DHL','Russia, Spb, 198506, Lesnaya, 13, 1','Alisa Meteleva','miragge8.al@gmail.com',0,0,1),(237,'2019-05-12 09:35:28',1,1,1,'DHL','Russia, Spb, 198506, Lesnaya, 13, 1','Alisa Meteleva','miragge8.al@gmail.com',3018,3,1),(238,'2019-05-12 09:38:46',1,1,1,'DHL','Russia, Spb, 198506, Lesnaya, 13, 1','Alisa Meteleva','miragge8.al@gmail.com',3018,3,1),(239,'2019-05-12 09:41:10',1,1,1,'DHL','Russia, Spb, 198506, Lesnaya, 13, 1','Alisa Meteleva','miragge8.al@gmail.com',3018,3,1),(240,'2019-05-12 09:43:52',1,1,1,'DHL','Russia, Spb, 198506, Lesnaya, 13, 1','Alisa Meteleva','miragge8.al@gmail.com',3018,3,1),(241,'2019-05-12 09:54:29',1,1,1,'DHL','Russia, Spb, 198506, Lesnaya, 13, 1','Alisa Meteleva','miragge8.al@gmail.com',3018,3,1),(242,'2019-05-12 09:55:47',1,1,1,'DHL','Russia, Spb, 198506, Lesnaya, 13, 1','Alisa Meteleva','miragge8.al@gmail.com',3018,3,1),(243,'2019-05-12 09:57:50',1,1,1,'DHL','Russia, Spb, 198506, Lesnaya, 13, 1','Alisa Meteleva','miragge8.al@gmail.com',3018,3,1),(244,'2019-05-12 10:03:46',1,1,1,'DHL','Russia, Spb, 198506, Lesnaya, 13, 1','Alisa Meteleva','miragge8.al@gmail.com',3018,3,1),(245,'2019-05-12 10:05:42',1,1,1,'DHL','Russia, Spb, 198506, Lesnaya, 13, 1','Alisa Meteleva','miragge8.al@gmail.com',3018,3,1),(246,'2019-05-12 10:09:28',1,1,1,'DHL','Russia, Spb, 198506, Lesnaya, 13, 1','Alisa Meteleva','miragge8.al@gmail.com',3018,3,1),(247,'2019-05-12 10:10:23',1,1,1,'DHL','Russia, Spb, 198506, Lesnaya, 13, 1','Alisa Meteleva','miragge8.al@gmail.com',3018,3,1),(248,'2019-05-12 10:13:24',1,1,1,'DHL','Russia, Spb, 198506, Lesnaya, 13, 1','Alisa Meteleva','miragge8.al@gmail.com',3018,3,1),(249,'2019-05-12 10:16:46',1,1,1,'DHL','Russia, Spb, 198506, Lesnaya, 13, 1','Alisa Meteleva','miragge8.al@gmail.com',3018,3,1),(250,'2019-05-12 10:18:08',1,1,1,'DHL','Russia, Spb, 198506, Lesnaya, 13, 1','Alisa Meteleva','miragge8.al@gmail.com',3018,3,1),(251,'2019-05-12 10:24:13',1,1,1,'DHL','Russia, Spb, 198506, Lesnaya, 13, 1','Alisa Meteleva','miragge8.al@gmail.com',3018,3,1),(252,'2019-05-12 10:26:59',1,1,1,'DHL','Russia, Spb, 198506, Lesnaya, 13, 1','Alisa Meteleva','miragge8.al@gmail.com',3018,3,1),(253,'2019-05-12 10:32:51',1,1,1,'DHL','Russia, Spb, 198506, Lesnaya, 13, 1','Alisa Meteleva','miragge8.al@gmail.com',3018,3,1),(254,'2019-05-12 10:33:36',1,1,1,'DHL','Russia, Spb, 198506, Lesnaya, 13, 1','Alisa Meteleva','miragge8.al@gmail.com',3018,3,1),(255,'2019-05-12 11:49:48',1,1,6,'DHL','Russia, Spb, 198506, Lesnaya, 13, 1','Alisa Meteleva','miragge8.al@gmail.com',3018,0,1),(256,'2019-05-12 11:50:21',1,1,1,'DHL','Russia, Spb, 198506, Lesnaya, 13, 1','Alisa Meteleva','miragge8.al@gmail.com',3018,3,1),(259,'2019-05-12 11:50:57',1,1,1,'DHL','Russia, Spb, 198506, Lesnaya, 13, 1','Alisa Meteleva','miragge8.al@gmail.com',3018,3,1),(260,'2019-05-12 11:51:19',1,1,1,'DHL','Russia, Spb, 198506, Lesnaya, 13, 1','Alisa Meteleva','miragge8.al@gmail.com',3018,3,1),(261,'2019-05-12 17:58:59',1,1,6,'DHL','Russia, Murmansk, 183031, Mironova, 10, 63','Alisa Meteleva ','miragge8.al@gmail.com',5030,0,1),(262,'2019-05-12 17:59:21',1,1,3,'DHL','Russia, Murmansk, 183031, Mironova, 10, 63','Alisa Meteleva ','miragge8.al@gmail.com',5030,0,1),(266,'2019-05-12 19:47:15',1,1,6,'DHL','Russia, Murmansk, 183031, Mironova, 10, 63','Alisa Meteleva ','miragge8.al@gmail.com',2,0,1),(267,'2019-05-12 19:47:49',1,1,3,'DHL','Russia, Murmansk, 183031, Mironova, 10, 63','Alisa Meteleva ','miragge8.al@gmail.com',2,0,1),(271,'2019-05-12 19:50:36',1,1,3,'DHL','Russia, Murmansk, 183031, Mironova, 10, 63','Alisa Meteleva ','miragge8.al@gmail.com',4,0,1),(272,'2019-05-12 19:51:20',1,1,3,'DHL','Russia, Murmansk, 183031, Mironova, 10, 63','Alisa Meteleva ','miragge8.al@gmail.com',2,0,1),(273,'2019-05-12 19:52:38',1,1,3,'DHL','Russia, Murmansk, 183031, Mironova, 10, 63','Alisa Meteleva ','miragge8.al@gmail.com',3996,0,1),(274,'2019-05-12 23:09:48',1,1,3,'DHL','Russia, Murmansk, 183031, Mironova, 10, 63','Alisa Meteleva ','miragge8.al@gmail.com',2997,0,1),(276,'2019-05-12 23:29:24',1,2,4,'DHL','Russia, Spb, 198506, Lesnaya, 13, 1','Mana Gerr','yandex2@gmail.com',1,0,2),(277,'2019-05-12 23:30:36',2,2,3,'DHL','Russia, Spb, 198506, Lesnaya, 13, 1','Alisa Meteleva ','miragge8.al@gmail.com',0,0,1),(278,'2019-05-13 08:38:28',2,1,1,'DHL','Russia, Spb, 198506, Lesnaya, 13, 1','Mana Gerr','yandex2@gmail.com',4000,2,2),(279,'2019-05-13 08:39:32',1,1,1,'DHL','Russia, Spb, 198506, Lesnaya, 13, 1','Alisa Meteleva ','miragge8.al@gmail.com',0,3,1),(280,'2019-05-13 08:42:21',1,1,1,'DHL','Russia, Spb, 198506, Lesnaya, 13, 1','Mana Gerr','yandex2@gmail.com',4000,2,2),(281,'2019-05-13 08:47:48',1,2,4,'DHL','Russia, Spb, 198506, Lesnaya, 13, 1','Mana Gerr','yandex2@gmail.com',4000,0,2),(282,'2019-05-13 08:48:00',1,1,1,'DHL','Russia, Spb, 198506, Lesnaya, 13, 1','Alisa Meteleva ','miragge8.al@gmail.com',0,3,1),(285,'2019-05-13 10:09:30',1,1,3,'DHL','Russia, Murmansk, 183031, Mironova, 10, 63','Alisa Meteleva ','miragge8.al@gmail.com',0,0,1),(286,'2019-05-13 10:10:33',1,1,3,'DHL','Russia, Murmansk, 183031, Mironova, 10, 63','Alisa Meteleva ','miragge8.al@gmail.com',1000,0,1),(288,'2019-05-13 10:18:24',1,1,6,'DHL','Russia, Spb, 198506, Lesnaya, 13, 1','Alisa Meteleva ','miragge8.al@gmail.com',4,0,1),(289,'2019-05-13 10:30:41',1,1,1,'DHL','Russia, Spb, 198506, Lesnaya, 13, 1','Alisa Meteleva ','miragge8.al@gmail.com',8,4,1),(290,'2019-05-13 10:34:10',1,1,1,'DHL','Russia, Spb, 198506, Lesnaya, 13, 1','Alisa Meteleva ','miragge8.al@gmail.com',8,4,1),(291,'2019-05-13 10:34:38',1,1,6,'DHL','Russia, Spb, 198506, Lesnaya, 13, 1','Alisa Meteleva ','miragge8.al@gmail.com',8,0,1),(292,'2019-05-13 10:37:20',1,1,1,'DHL','Russia, Spb, 198506, Lesnaya, 13, 1','Alisa Meteleva ','miragge8.al@gmail.com',8,4,1),(293,'2019-05-13 10:39:35',1,1,6,'DHL','Russia, Spb, 198506, Lesnaya, 13, 1','Alisa Meteleva ','miragge8.al@gmail.com',8,0,1),(294,'2019-05-13 10:39:44',1,1,6,'EMS','Russia, Spb, 198506, Lesnaya, 13, 1','Alisa Meteleva ','miragge8.al@gmail.com',8,0,1),(295,'2019-05-13 10:50:34',1,1,6,'DHL','Russia, Spb, 198506, Lesnaya, 13, 1','Alisa Meteleva ','miragge8.al@gmail.com',8,0,1),(296,'2019-05-14 16:28:14',2,2,3,'PostOffice','Russia, Taganrog, 183031, Solnechnaya, 8, 1','Client 2','test2@gmail.com',2690,0,4),(297,'2019-05-14 21:03:21',1,2,4,'DHL','Russia, Murmansk, 183031, Mironova, 10, 63','Alisa Meteleva ','miragge8.al@gmail.com',5658,0,1),(298,'2019-05-14 23:24:49',1,1,6,'DHL','Russia, Murmansk, 183031, Mironova, 10, 63','Alisa Meteleva ','miragge8.al@gmail.com',31500,0,1),(300,'2019-05-14 23:25:35',1,1,6,'DHL','Russia, Murmansk, 183031, Mironova, 10, 63','Alisa Meteleva ','miragge8.al@gmail.com',31500,0,1),(302,'2019-05-14 23:26:12',1,1,3,'DHL','Russia, Murmansk, 183031, Mironova, 10, 63','Alisa Meteleva ','miragge8.al@gmail.com',6300,0,1),(303,'2019-05-15 00:31:37',1,1,3,'DHL','Russia, Murmansk, 183031, Mironova, 10, 63','Alisa Meteleva ','miragge8.al@gmail.com',42000,0,1),(306,'2019-05-15 00:53:09',1,1,3,'DHL','Russia, Murmansk, 183031, Mironova, 10, 63','Alisa Meteleva ','miragge8.al@gmail.com',22680,0,1),(307,'2019-05-15 01:04:42',1,1,6,'DHL','Russia, Murmansk, 183031, Mironova, 10, 63','Alisa Meteleva ','miragge8.al@gmail.com',46500,0,1),(309,'2019-05-15 01:05:31',1,2,4,'DHL','Russia, Murmansk, 183031, Mironova, 10, 63','Alisa Meteleva ','miragge8.al@gmail.com',46500,0,1),(311,'2019-05-15 14:55:48',1,1,6,'DHL','Russia, Murmansk, 183031, Mironova, 10, 63','Alisa Meteleva ','miragge8.al@gmail.com',2070,0,1);
/*!40000 ALTER TABLE `order_history` ENABLE KEYS */;
UNLOCK TABLES;

--
-- Table structure for table `order_history_product`
--

DROP TABLE IF EXISTS `order_history_product`;
/*!40101 SET @saved_cs_client     = @@character_set_client */;
 SET character_set_client = utf8mb4 ;
CREATE TABLE `order_history_product` (
  `id` int(10) unsigned NOT NULL AUTO_INCREMENT,
  `order_history_id` int(10) unsigned DEFAULT NULL,
  `product_id` int(10) unsigned DEFAULT NULL,
  `product_name` varchar(150) NOT NULL,
  `price` int(10) unsigned DEFAULT NULL,
  `amount` int(10) unsigned DEFAULT NULL,
  PRIMARY KEY (`id`),
  KEY `order_history_id` (`order_history_id`),
  KEY `product_id` (`product_id`),
  CONSTRAINT `order_history_product_ibfk_1` FOREIGN KEY (`order_history_id`) REFERENCES `order_history` (`order_id`),
  CONSTRAINT `order_history_product_ibfk_2` FOREIGN KEY (`product_id`) REFERENCES `product` (`id`)
) ENGINE=InnoDB AUTO_INCREMENT=315 DEFAULT CHARSET=utf8mb4 COLLATE=utf8mb4_0900_ai_ci;
/*!40101 SET character_set_client = @saved_cs_client */;

--
-- Dumping data for table `order_history_product`
--

LOCK TABLES `order_history_product` WRITE;
/*!40000 ALTER TABLE `order_history_product` DISABLE KEYS */;
INSERT INTO `order_history_product` (`id`, `order_history_id`, `product_id`, `product_name`, `price`, `amount`) VALUES (4,173,7,'Karkasson',1290,1),(5,173,7,'Karkasson',1290,1),(6,174,18,'Pandemic:Season II',2490,2),(7,174,18,'Pandemic:Season II',2490,2),(8,174,18,'Pandemic:Season II',2490,2),(15,173,7,'Karkasson',1290,1),(24,179,36,'Game of Thrones',3490,2),(25,179,2,'Robinson Cruiso',3990,4),(26,177,32,'Dixit',1000,2),(27,176,33,'Pandemic:Season I',2300,3),(32,180,7,'Karkasson',1290,2),(33,180,36,'Game of Thrones',3490,2),(36,181,18,'Pandemic:Season II',2490,2),(37,181,40,'Monopoly: Rick and Morty',2990,1),(49,184,7,'Karkasson',1290,4),(51,185,16,'Monopoly',2690,2),(53,186,33,'Pandemic:Season I',2300,2),(56,187,33,'Pandemic:Season I',2300,4),(60,189,26,'CATAN',1880,2),(61,182,18,'Pandemic:Season II',2490,2),(62,182,40,'Monopoly: Rick and Morty',2990,1),(63,188,27,'Archam horror: The King in Yellow',2990,8),(66,190,26,'CATAN',1880,2),(67,191,7,'Karkasson',1290,1),(68,191,27,'Archam horror: The King in Yellow',2990,1),(73,198,7,'Karkasson',1290,1),(74,198,27,'Archam horror: The King in Yellow',2990,1),(77,199,7,'Karkasson',1290,1),(78,199,27,'Archam horror: The King in Yellow',2990,3),(80,200,5,'Dragon Prophet',1600,11),(83,201,5,'Dragon Prophet',1600,11),(85,203,5,'Dragon Prophet',1600,11),(86,205,5,'Dragon Prophet',1600,11),(90,206,5,'Dragon Prophet',1600,11),(91,206,40,'Monopoly: Rick and Morty',2990,2),(98,209,5,'Dragon Prophet',1600,11),(99,209,40,'Monopoly: Rick and Morty',2990,2),(104,211,5,'Dragon Prophet',1600,11),(105,211,40,'Monopoly: Rick and Morty',2990,2),(108,175,27,'Archam horror: The King in Yellow',2990,3),(109,175,41,'Pathfinder',590,1),(110,175,41,'Pathfinder',590,1),(112,212,40,'Monopoly: Rick and Morty',2990,1),(115,213,40,'Monopoly: Rick and Morty',2990,1),(121,217,40,'Monopoly: Rick and Morty',2990,1),(124,218,40,'Monopoly: Rick and Morty',2990,1),(125,219,40,'Monopoly: Rick and Morty',2990,1),(127,220,40,'Monopoly: Rick and Morty',2990,1),(131,223,40,'Monopoly: Rick and Morty',2990,1),(133,224,40,'Monopoly: Rick and Morty',2990,1),(136,225,40,'Monopoly: Rick and Morty',2990,1),(141,227,40,'Monopoly: Rick and Morty',2990,1),(146,232,40,'Monopoly: Rick and Morty',2990,1),(148,234,40,'Monopoly: Rick and Morty',2990,1),(149,234,2,'Robinson Cruiso',3990,2),(156,183,18,'Pandemic:Season II',2490,2),(157,183,40,'Monopoly: Rick and Morty',2990,1),(158,235,40,'Monopoly: Rick and Morty',2990,1),(159,235,2,'Robinson Cruiso',3990,2),(161,236,26,'CATAN',1880,3),(162,237,35,'Game of Thrones',3490,3),(163,238,35,'Game of Thrones',3490,3),(164,239,35,'Game of Thrones',3490,3),(165,240,35,'Game of Thrones',3490,3),(166,241,35,'Game of Thrones',3490,3),(167,242,35,'Game of Thrones',3490,3),(168,243,35,'Game of Thrones',3490,3),(169,244,35,'Game of Thrones',3490,3),(170,245,35,'Game of Thrones',3490,3),(171,246,35,'Game of Thrones',3490,3),(172,247,35,'Game of Thrones',3490,3),(173,248,35,'Game of Thrones',3490,3),(174,249,35,'Game of Thrones',3490,3),(175,250,35,'Game of Thrones',3490,3),(176,251,35,'Game of Thrones',3490,3),(177,252,35,'Game of Thrones',3490,3),(178,253,35,'Game of Thrones',3490,3),(179,254,35,'Game of Thrones',3490,3),(182,255,35,'Game of Thrones',3490,3),(183,256,35,'Game of Thrones',3490,3),(186,259,35,'Game of Thrones',3490,3),(187,260,35,'Game of Thrones',3490,3),(189,261,35,'Game of Thrones',3490,5),(196,262,35,'Game of Thrones',3490,5),(202,208,5,'Dragon Prophet',1600,11),(203,208,40,'Monopoly: Rick and Morty',2990,2),(206,266,63,'Loonacy',490,2),(215,267,63,'Loonacy',490,2),(219,271,62,'Forbidden Desert',2490,2),(222,272,18,'Pandemic:Season II',2490,2),(225,273,26,'CATAN',1880,4),(229,274,26,'CATAN',1880,3),(236,277,30,'Crocodile',500,1),(237,278,4,'Agent Time',2000,2),(238,279,29,'Archam horror',1990,3),(239,280,4,'Agent Time',2000,2),(241,282,29,'Archam horror',1990,3),(243,285,29,'Archam horror',1990,3),(246,286,7,'Karkasson',1290,1),(249,288,38,'Uno',450,2),(250,289,38,'Uno',450,4),(251,290,38,'Uno',450,4),(253,291,38,'Uno',450,4),(255,292,38,'Uno',450,4),(257,293,38,'Uno',450,4),(260,294,38,'Uno',450,4),(263,295,38,'Uno',450,4),(265,276,60,'Munchkin',1000,1),(267,281,4,'Agent Time',1880,2),(269,296,16,'Monopoly',2690,1),(276,297,38,'Uno',91,5),(277,297,47,'Codenames ',2600,2),(280,298,34,'Escape Plan',2100,15),(289,302,34,'Escape Plan',2100,3),(291,300,34,'Escape Plan',2100,15),(294,303,34,'Escape Plan',2100,20),(299,306,64,'Leaving Earth',1890,12),(301,307,30,'Crocodile',1500,31),(310,309,30,'Crocodile',1500,31),(314,311,58,'Star Munchkin',690,3);
/*!40000 ALTER TABLE `order_history_product` ENABLE KEYS */;
UNLOCK TABLES;

--
-- Table structure for table `order_product`
--

DROP TABLE IF EXISTS `order_product`;
/*!40101 SET @saved_cs_client     = @@character_set_client */;
 SET character_set_client = utf8mb4 ;
CREATE TABLE `order_product` (
  `id` int(10) unsigned NOT NULL AUTO_INCREMENT,
  `order_id` int(10) unsigned DEFAULT NULL,
  `product_id` int(10) unsigned DEFAULT NULL,
  `amount` int(11) DEFAULT NULL,
  `totalPrice` int(10) unsigned DEFAULT NULL,
  PRIMARY KEY (`id`),
  KEY `order_id` (`order_id`),
  KEY `product_id` (`product_id`),
  CONSTRAINT `order_product_ibfk_1` FOREIGN KEY (`order_id`) REFERENCES `orders` (`id`),
  CONSTRAINT `order_product_ibfk_2` FOREIGN KEY (`product_id`) REFERENCES `product` (`id`)
) ENGINE=InnoDB AUTO_INCREMENT=454 DEFAULT CHARSET=utf8mb4 COLLATE=utf8mb4_0900_ai_ci;
/*!40101 SET character_set_client = @saved_cs_client */;

--
-- Dumping data for table `order_product`
--

LOCK TABLES `order_product` WRITE;
/*!40000 ALTER TABLE `order_product` DISABLE KEYS */;
INSERT INTO `order_product` (`id`, `order_id`, `product_id`, `amount`, `totalPrice`) VALUES (7,1,1,10,1000),(8,2,1,1,1000),(9,3,2,2,1000),(10,3,4,2,1000),(11,3,3,2,1000),(12,4,3,1,1000),(109,61,1,1,400),(112,61,4,1,2000),(113,63,4,1,2000),(114,63,1,1,400),(132,74,2,2,900),(133,74,1,3,2402),(134,74,5,2,400),(135,74,4,3,6000),(145,82,1,4,4016),(147,83,1,5,5020),(148,84,18,5,0),(149,85,18,5,0),(150,86,20,1,0),(151,86,18,4,0),(152,86,38,1,2),(153,87,18,4,0),(154,87,38,4,8),(155,87,20,1,0),(156,88,20,5,0),(157,89,20,5,0),(158,89,36,1,1006),(159,90,34,1,1006),(160,90,20,5,0),(161,90,36,1,1006),(162,91,20,5,0),(163,91,34,1,1006),(164,91,36,1,1006),(165,92,20,5,0),(166,92,34,1,1006),(167,92,36,1,1006),(168,93,7,1,1000),(169,93,30,1,0),(170,93,29,1,0),(171,93,18,1,0),(172,94,38,5,10),(173,95,38,3,6),(174,96,30,3,0),(175,97,7,1,1000),(176,98,20,1,0),(177,99,29,1,0),(178,99,23,1,0),(179,100,2,10,4500),(180,101,2,5,2250),(181,102,34,1,1006),(182,103,33,1,2300),(183,104,1,2,2008),(184,105,1,1,1004),(185,106,34,1,1006),(186,107,16,2,0),(187,107,1,1,1004),(188,108,36,1,1006),(189,109,35,1,1006),(190,110,5,1,200),(191,111,35,1,1006),(192,112,5,1,200),(193,113,3,1,1000),(208,121,28,44,0),(209,121,30,37,0),(210,122,28,46,0),(211,122,30,22,0),(212,123,28,31,0),(213,123,30,9,0),(214,124,28,38,0),(215,125,35,1,1006),(216,126,23,1,0),(217,127,39,65,0),(218,128,25,68,0),(219,129,31,1,0),(220,130,38,3,2),(221,131,7,5,1000),(222,131,35,2,1006),(223,132,25,2,0),(224,132,25,1,0),(225,133,40,2,0),(226,133,40,1,0),(227,134,33,2,2300),(228,135,36,3,1006),(229,136,36,3,1006),(230,137,29,2,0),(231,137,30,1,0),(232,138,29,2,0),(233,138,30,1,0),(234,139,29,2,0),(235,139,30,1,0),(236,140,29,2,0),(237,140,30,1,0),(238,140,4,4,2000),(239,141,29,2,0),(240,141,30,1,0),(241,141,4,4,2000),(242,142,29,2,0),(243,142,30,1,0),(244,142,4,4,2000),(245,143,29,2,0),(246,143,30,1,0),(247,143,4,4,2000),(248,144,29,2,0),(249,144,30,1,0),(250,144,4,4,2000),(251,145,29,2,0),(252,145,30,1,0),(253,145,4,4,2000),(254,146,29,2,0),(255,146,30,1,0),(256,146,4,4,2000),(257,148,29,4,0),(258,148,32,3,100),(259,150,2,3,450),(260,150,7,3,1000),(261,152,5,4,200),(262,152,29,2,0),(263,152,34,1,1006),(264,153,30,2,0),(265,153,36,2,1006),(266,154,36,2,1006),(267,154,30,1,0),(276,157,30,9,0),(277,157,7,3,1000),(278,157,18,6,0),(279,157,25,3,0),(284,159,25,2,0),(285,159,30,2,0),(286,160,25,2,0),(287,160,30,2,0),(288,161,7,1,1000),(289,162,7,1,1000),(290,163,7,1,1000),(300,173,7,1,1000),(301,174,18,2,0),(302,175,27,3,0),(303,175,41,1,0),(304,175,41,1,0),(305,176,33,3,2300),(306,177,32,2,100),(310,179,36,2,1006),(311,179,2,4,450),(312,180,7,2,1000),(313,180,36,2,1006),(314,181,18,2,0),(315,181,40,1,0),(316,182,18,2,0),(317,182,40,1,0),(318,183,18,2,0),(319,183,40,1,0),(320,184,7,4,1000),(321,185,16,2,0),(322,186,33,2,2300),(323,187,33,4,2300),(324,188,27,8,0),(325,189,26,2,0),(326,190,26,2,0),(327,191,7,1,1000),(328,191,27,1,0),(329,198,7,1,1000),(330,198,27,1,0),(331,199,7,1,1000),(332,199,27,3,0),(333,200,5,11,200),(334,201,5,11,200),(336,203,5,11,200),(338,205,5,11,200),(339,206,5,11,200),(340,206,40,2,0),(343,208,5,11,200),(344,208,40,2,0),(345,209,5,11,200),(346,209,40,2,0),(349,211,5,11,200),(350,211,40,2,0),(351,212,40,1,0),(352,213,40,1,0),(356,217,40,1,0),(357,218,40,1,0),(358,219,40,1,0),(359,220,40,1,0),(362,223,40,1,0),(363,224,40,1,0),(364,225,40,1,0),(366,227,40,1,0),(371,232,40,1,0),(373,234,40,1,0),(374,234,2,2,450),(375,235,40,1,0),(376,235,2,2,450),(377,236,26,3,0),(378,237,35,3,1006),(379,238,35,3,1006),(380,239,35,3,1006),(381,240,35,3,1006),(382,241,35,3,1006),(383,242,35,3,1006),(384,243,35,3,1006),(385,244,35,3,1006),(386,245,35,3,1006),(387,246,35,3,1006),(388,247,35,3,1006),(389,248,35,3,1006),(390,249,35,3,1006),(391,250,35,3,1006),(392,251,35,3,1006),(393,252,35,3,1006),(394,253,35,3,1006),(395,254,35,3,1006),(396,255,35,3,1006),(397,256,35,3,1006),(400,259,35,3,1006),(401,260,35,3,1006),(402,261,35,5,1006),(403,262,35,5,1006),(407,266,63,2,1),(408,267,63,2,1),(412,271,62,2,2),(413,272,18,2,1),(414,273,26,4,999),(415,274,26,3,999),(417,276,60,1,1),(418,277,30,1,0),(419,278,4,2,2000),(420,279,29,3,0),(421,280,4,2,2000),(422,281,4,2,2000),(423,282,29,3,0),(426,285,29,3,0),(427,286,7,1,1000),(429,288,38,2,2),(430,289,38,4,2),(431,290,38,4,2),(432,291,38,4,2),(433,292,38,4,2),(434,293,38,4,2),(435,294,38,4,2),(436,295,38,4,2),(437,296,16,1,2690),(438,297,38,5,91),(439,297,47,2,2600),(440,298,34,15,2100),(442,300,34,15,2100),(444,302,34,3,2100),(445,303,34,20,2100),(448,306,64,12,1890),(449,307,30,31,1500),(450,309,30,31,1500),(453,311,58,3,690);
/*!40000 ALTER TABLE `order_product` ENABLE KEYS */;
UNLOCK TABLES;

--
-- Table structure for table `order_status`
--

DROP TABLE IF EXISTS `order_status`;
/*!40101 SET @saved_cs_client     = @@character_set_client */;
 SET character_set_client = utf8mb4 ;
CREATE TABLE `order_status` (
  `id` int(10) unsigned NOT NULL AUTO_INCREMENT,
  `status` varchar(150) NOT NULL,
  PRIMARY KEY (`id`)
) ENGINE=InnoDB AUTO_INCREMENT=7 DEFAULT CHARSET=utf8mb4 COLLATE=utf8mb4_0900_ai_ci;
/*!40101 SET character_set_client = @saved_cs_client */;

--
-- Dumping data for table `order_status`
--

LOCK TABLES `order_status` WRITE;
/*!40000 ALTER TABLE `order_status` DISABLE KEYS */;
INSERT INTO `order_status` (`id`, `status`) VALUES (1,'not paid'),(2,'paid'),(3,'waiting for delivery'),(4,'delivered'),(6,'cancelled');
/*!40000 ALTER TABLE `order_status` ENABLE KEYS */;
UNLOCK TABLES;

--
-- Table structure for table `orders`
--

DROP TABLE IF EXISTS `orders`;
/*!40101 SET @saved_cs_client     = @@character_set_client */;
 SET character_set_client = utf8mb4 ;
CREATE TABLE `orders` (
  `id` int(10) unsigned NOT NULL AUTO_INCREMENT,
  `user_id` int(10) unsigned DEFAULT NULL,
  `payment_type_id` int(10) unsigned DEFAULT NULL,
  `payment_status_id` int(10) unsigned DEFAULT NULL,
  `shipping_type_id` int(10) unsigned DEFAULT NULL,
  `order_status_id` int(10) unsigned DEFAULT NULL,
  `order_date` datetime DEFAULT NULL,
  `totalPrice` int(10) unsigned DEFAULT NULL,
  PRIMARY KEY (`id`),
  KEY `user_id` (`user_id`),
  KEY `payment_type_id` (`payment_type_id`),
  KEY `payment_status_id` (`payment_status_id`),
  KEY `shipping_type_id` (`shipping_type_id`),
  KEY `order_status_id` (`order_status_id`),
  CONSTRAINT `orders_ibfk_1` FOREIGN KEY (`user_id`) REFERENCES `user` (`id`),
  CONSTRAINT `orders_ibfk_2` FOREIGN KEY (`payment_type_id`) REFERENCES `payment_type` (`id`),
  CONSTRAINT `orders_ibfk_3` FOREIGN KEY (`payment_status_id`) REFERENCES `payment_status` (`id`),
  CONSTRAINT `orders_ibfk_4` FOREIGN KEY (`shipping_type_id`) REFERENCES `shipping_type` (`id`),
  CONSTRAINT `orders_ibfk_5` FOREIGN KEY (`order_status_id`) REFERENCES `order_status` (`id`)
) ENGINE=InnoDB AUTO_INCREMENT=312 DEFAULT CHARSET=utf8mb4 COLLATE=utf8mb4_0900_ai_ci;
/*!40101 SET character_set_client = @saved_cs_client */;

--
-- Dumping data for table `orders`
--

LOCK TABLES `orders` WRITE;
/*!40000 ALTER TABLE `orders` DISABLE KEYS */;
INSERT INTO `orders` (`id`, `user_id`, `payment_type_id`, `payment_status_id`, `shipping_type_id`, `order_status_id`, `order_date`, `totalPrice`) VALUES (1,3,1,2,1,4,'2019-03-07 01:03:01',1000),(2,4,2,2,1,1,'2019-03-07 01:03:01',1000),(3,4,1,2,1,2,'2019-03-07 01:03:01',1000),(4,4,1,2,1,4,'2019-03-07 01:03:01',1000),(61,3,2,1,2,6,'2019-03-25 18:49:01',2000),(63,3,2,2,1,4,'2019-03-25 18:49:36',2000),(74,3,1,1,1,3,'2019-03-25 21:55:37',9302),(82,1,1,2,1,4,'2019-03-27 21:11:18',4016),(83,1,2,2,2,4,'2019-03-27 23:00:14',5020),(84,1,1,1,1,1,'2019-03-28 22:29:06',0),(85,1,1,1,1,3,'2019-03-28 22:33:22',0),(86,1,1,1,1,6,'2019-03-28 22:39:24',2),(87,1,1,1,1,3,'2019-03-28 22:42:51',6),(88,1,1,1,1,1,'2019-03-28 22:56:21',0),(89,1,1,1,1,6,'2019-03-28 23:02:04',1006),(90,1,1,1,1,1,'2019-03-28 23:07:52',1006),(91,1,1,1,1,1,'2019-03-28 23:15:26',1006),(92,1,1,1,1,1,'2019-03-28 23:28:25',1006),(93,1,1,1,1,1,'2019-03-30 21:16:50',1000),(94,1,1,1,1,1,'2019-03-30 21:38:36',10),(95,1,1,1,1,1,'2019-03-30 21:59:49',6),(96,1,1,1,1,1,'2019-03-30 22:16:49',0),(97,1,1,1,1,3,'2019-03-30 22:36:32',1000),(98,1,2,2,2,4,'2019-03-30 22:37:12',0),(99,1,2,2,1,3,'2019-03-31 19:23:04',0),(100,1,1,1,1,3,'2019-03-31 19:35:50',4500),(101,1,1,1,1,3,'2019-03-31 19:37:10',2250),(102,1,1,1,1,3,'2019-03-31 21:04:07',1006),(103,1,1,1,1,3,'2019-03-31 21:14:52',2300),(104,1,2,2,1,3,'2019-03-31 21:18:33',2008),(105,1,2,2,1,3,'2019-03-31 21:35:16',1004),(106,1,1,1,1,1,'2019-03-31 21:35:47',1006),(107,1,1,1,1,1,'2019-03-31 21:59:47',1004),(108,1,1,1,1,1,'2019-03-31 22:07:08',1006),(109,1,1,1,1,1,'2019-03-31 22:10:03',1006),(110,1,1,1,1,3,'2019-03-31 22:13:05',200),(111,1,1,1,1,3,'2019-03-31 22:34:11',1006),(112,1,1,2,1,4,'2019-03-31 23:28:37',200),(113,1,2,2,2,3,'2019-04-01 12:28:17',1000),(121,1,1,1,1,1,'2019-04-14 18:11:00',0),(122,1,1,1,1,6,'2019-04-14 18:15:52',0),(123,1,1,1,1,6,'2019-04-14 18:24:31',0),(124,1,1,2,1,4,'2019-04-14 18:25:08',0),(125,1,1,1,1,1,'2019-04-14 18:42:07',1006),(126,1,1,1,1,1,'2019-04-14 18:47:40',0),(127,1,1,2,1,4,'2019-04-14 21:17:57',0),(128,1,1,2,1,4,'2019-04-14 21:26:18',0),(129,1,1,1,1,1,'2019-04-14 22:00:30',0),(130,1,2,1,13,1,'2019-04-20 22:16:16',6),(131,1,1,1,2,1,'2019-04-20 23:06:00',7012),(132,1,1,1,1,1,'2019-04-21 11:06:57',0),(133,1,1,1,1,6,'2019-04-21 11:15:41',0),(134,1,1,1,1,1,'2019-04-21 11:16:00',4600),(135,1,1,1,1,1,'2019-04-21 11:17:45',3018),(136,1,1,1,1,3,'2019-04-21 11:17:52',3018),(137,1,1,1,1,1,'2019-04-21 11:22:20',0),(138,1,1,1,1,1,'2019-04-21 11:23:44',0),(139,1,1,1,1,1,'2019-04-21 11:30:14',0),(140,1,1,1,1,1,'2019-04-21 11:35:46',8000),(141,1,1,1,1,1,'2019-04-21 11:36:50',8000),(142,1,1,1,1,1,'2019-04-21 11:37:51',8000),(143,1,1,1,1,1,'2019-04-21 11:40:00',8000),(144,1,1,1,1,1,'2019-04-21 11:41:12',8000),(145,1,1,1,1,1,'2019-04-21 11:42:38',8000),(146,1,1,1,1,3,'2019-04-21 11:44:06',8000),(147,1,1,1,1,1,'2019-04-22 14:37:54',300),(148,1,1,1,1,3,'2019-04-24 00:47:28',300),(149,1,1,1,1,6,'2019-04-24 21:56:42',4350),(150,1,1,1,1,3,'2019-04-24 22:00:01',4350),(151,1,1,1,1,3,'2019-04-24 22:03:37',4350),(152,1,1,1,1,3,'2019-04-24 22:16:25',1806),(153,1,1,1,1,3,'2019-04-24 22:19:40',2012),(154,1,1,1,1,3,'2019-04-24 22:36:40',2012),(157,1,1,1,1,3,'2019-04-25 19:45:21',3000),(159,1,1,1,1,1,'2019-04-25 19:49:57',0),(160,1,1,1,1,3,'2019-04-25 19:50:04',0),(161,1,1,1,1,6,'2019-04-25 21:34:23',1000),(162,1,1,1,1,1,'2019-04-25 21:36:41',1000),(163,1,1,1,1,1,'2019-04-25 21:37:02',1000),(173,1,1,2,1,4,'2019-04-27 23:20:43',1000),(174,1,1,2,1,4,'2019-04-27 23:40:06',0),(175,1,1,2,1,4,'2019-04-28 09:38:19',0),(176,1,1,2,1,4,'2019-04-28 22:38:58',6900),(177,1,1,2,1,4,'2019-04-28 22:44:38',200),(179,1,1,2,1,4,'2019-04-28 23:15:36',3362),(180,1,1,2,1,4,'2019-04-29 00:02:13',4012),(181,1,1,1,1,6,'2019-04-29 00:02:47',0),(182,1,2,1,1,6,'2019-04-29 00:02:53',0),(183,1,2,2,1,4,'2019-04-29 00:02:53',0),(184,1,2,2,2,3,'2019-04-29 00:04:53',4000),(185,1,2,2,1,3,'2019-04-29 00:05:49',0),(186,1,2,2,2,3,'2019-04-29 00:15:44',4600),(187,1,2,2,2,4,'2019-04-29 00:20:16',9200),(188,1,2,1,2,6,'2019-04-29 00:28:07',0),(189,1,1,1,1,6,'2019-04-29 00:28:33',0),(190,1,1,1,1,6,'2019-05-01 09:33:02',0),(191,1,1,1,1,1,'2019-05-02 20:21:22',1000),(198,1,1,2,1,4,'2019-05-06 11:06:44',1000),(199,1,2,2,1,3,'2019-05-06 11:22:34',1000),(200,1,1,1,2,6,'2019-05-06 11:24:11',2200),(201,1,1,1,1,6,'2019-05-06 11:24:26',2200),(203,1,1,1,1,1,'2019-05-06 11:24:33',2200),(205,1,1,1,1,1,'2019-05-06 11:24:33',2200),(206,1,2,1,1,6,'2019-05-06 11:29:25',2200),(208,1,1,2,1,4,'2019-05-06 11:30:08',2200),(209,1,1,1,1,6,'2019-05-06 12:22:52',2200),(211,1,1,1,1,3,'2019-05-06 12:23:12',2200),(212,1,1,1,1,6,'2019-05-06 12:35:40',0),(213,1,1,1,1,6,'2019-05-06 12:35:53',0),(217,1,1,1,1,6,'2019-05-06 12:35:56',0),(218,1,1,1,1,6,'2019-05-06 12:41:36',0),(219,1,1,1,1,1,'2019-05-06 12:41:53',0),(220,1,1,1,1,6,'2019-05-06 12:41:53',0),(223,1,1,1,1,1,'2019-05-06 12:41:57',0),(224,1,1,1,1,6,'2019-05-06 13:05:40',0),(225,1,1,1,1,6,'2019-05-06 13:05:59',0),(227,1,1,1,1,6,'2019-05-06 13:06:11',0),(232,1,1,1,1,1,'2019-05-06 13:06:33',0),(234,1,1,1,1,1,'2019-05-08 09:24:59',900),(235,1,1,2,1,4,'2019-05-08 09:25:32',900),(236,1,2,2,1,3,'2019-05-12 00:45:42',0),(237,1,1,1,1,1,'2019-05-12 09:35:28',3018),(238,1,1,1,1,1,'2019-05-12 09:38:46',3018),(239,1,1,1,1,1,'2019-05-12 09:41:10',3018),(240,1,1,1,1,1,'2019-05-12 09:43:52',3018),(241,1,1,1,1,1,'2019-05-12 09:54:29',3018),(242,1,1,1,1,1,'2019-05-12 09:55:47',3018),(243,1,1,1,1,1,'2019-05-12 09:57:50',3018),(244,1,1,1,1,1,'2019-05-12 10:03:46',3018),(245,1,1,1,1,1,'2019-05-12 10:05:42',3018),(246,1,1,1,1,1,'2019-05-12 10:09:28',3018),(247,1,1,1,1,1,'2019-05-12 10:10:23',3018),(248,1,1,1,1,1,'2019-05-12 10:13:24',3018),(249,1,1,1,1,1,'2019-05-12 10:16:46',3018),(250,1,1,1,1,1,'2019-05-12 10:18:08',3018),(251,1,1,1,1,1,'2019-05-12 10:24:13',3018),(252,1,1,1,1,1,'2019-05-12 10:26:59',3018),(253,1,1,1,1,1,'2019-05-12 10:32:51',3018),(254,1,1,1,1,1,'2019-05-12 10:33:36',3018),(255,1,1,1,1,6,'2019-05-12 11:49:48',3018),(256,1,1,1,1,1,'2019-05-12 11:50:21',3018),(259,1,1,1,1,1,'2019-05-12 11:50:57',3018),(260,1,1,1,1,1,'2019-05-12 11:51:19',3018),(261,1,1,1,1,6,'2019-05-12 17:58:59',5030),(262,1,1,1,1,3,'2019-05-12 17:59:21',5030),(266,1,1,1,1,6,'2019-05-12 19:47:15',2),(267,1,1,1,1,3,'2019-05-12 19:47:49',2),(271,1,1,1,1,3,'2019-05-12 19:50:36',4),(272,1,1,1,1,3,'2019-05-12 19:51:20',2),(273,1,1,1,1,3,'2019-05-12 19:52:38',3996),(274,1,1,1,1,3,'2019-05-12 23:09:48',2997),(276,2,1,2,1,4,'2019-05-12 23:29:24',1),(277,1,2,2,1,3,'2019-05-12 23:30:36',0),(278,2,2,1,1,1,'2019-05-13 08:38:28',4000),(279,1,1,1,1,1,'2019-05-13 08:39:32',0),(280,2,1,1,1,1,'2019-05-13 08:42:21',4000),(281,2,1,2,1,4,'2019-05-13 08:47:48',4000),(282,1,1,1,1,1,'2019-05-13 08:48:00',0),(285,1,1,1,1,3,'2019-05-13 10:09:30',0),(286,1,1,1,1,3,'2019-05-13 10:10:33',1000),(288,1,1,1,1,6,'2019-05-13 10:18:24',4),(289,1,1,1,1,1,'2019-05-13 10:30:41',8),(290,1,1,1,1,1,'2019-05-13 10:34:10',8),(291,1,1,1,1,6,'2019-05-13 10:34:38',8),(292,1,1,1,1,1,'2019-05-13 10:37:20',8),(293,1,1,1,1,6,'2019-05-13 10:39:35',8),(294,1,1,1,2,6,'2019-05-13 10:39:44',8),(295,1,1,1,1,6,'2019-05-13 10:50:34',8),(296,4,2,2,14,3,'2019-05-14 16:28:14',2690),(297,1,1,2,1,4,'2019-05-14 21:03:21',5658),(298,1,1,1,1,6,'2019-05-14 23:24:49',31500),(300,1,1,1,1,6,'2019-05-14 23:25:35',31500),(302,1,1,1,1,3,'2019-05-14 23:26:12',6300),(303,1,1,1,1,3,'2019-05-15 00:31:37',42000),(306,1,1,1,1,3,'2019-05-15 00:53:09',22680),(307,1,1,1,1,6,'2019-05-15 01:04:42',46500),(309,1,1,2,1,4,'2019-05-15 01:05:31',46500),(311,1,1,1,1,6,'2019-05-15 14:55:48',2070);
/*!40000 ALTER TABLE `orders` ENABLE KEYS */;
UNLOCK TABLES;

--
-- Table structure for table `payment_status`
--

DROP TABLE IF EXISTS `payment_status`;
/*!40101 SET @saved_cs_client     = @@character_set_client */;
 SET character_set_client = utf8mb4 ;
CREATE TABLE `payment_status` (
  `id` int(10) unsigned NOT NULL AUTO_INCREMENT,
  `status` varchar(150) NOT NULL,
  PRIMARY KEY (`id`)
) ENGINE=InnoDB AUTO_INCREMENT=3 DEFAULT CHARSET=utf8mb4 COLLATE=utf8mb4_0900_ai_ci;
/*!40101 SET character_set_client = @saved_cs_client */;

--
-- Dumping data for table `payment_status`
--

LOCK TABLES `payment_status` WRITE;
/*!40000 ALTER TABLE `payment_status` DISABLE KEYS */;
INSERT INTO `payment_status` (`id`, `status`) VALUES (1,'not paid'),(2,'paid');
/*!40000 ALTER TABLE `payment_status` ENABLE KEYS */;
UNLOCK TABLES;

--
-- Table structure for table `payment_type`
--

DROP TABLE IF EXISTS `payment_type`;
/*!40101 SET @saved_cs_client     = @@character_set_client */;
 SET character_set_client = utf8mb4 ;
CREATE TABLE `payment_type` (
  `id` int(10) unsigned NOT NULL AUTO_INCREMENT,
  `type` varchar(150) NOT NULL,
  PRIMARY KEY (`id`)
) ENGINE=InnoDB AUTO_INCREMENT=3 DEFAULT CHARSET=utf8mb4 COLLATE=utf8mb4_0900_ai_ci;
/*!40101 SET character_set_client = @saved_cs_client */;

--
-- Dumping data for table `payment_type`
--

LOCK TABLES `payment_type` WRITE;
/*!40000 ALTER TABLE `payment_type` DISABLE KEYS */;
INSERT INTO `payment_type` (`id`, `type`) VALUES (1,'cash'),(2,'online');
/*!40000 ALTER TABLE `payment_type` ENABLE KEYS */;
UNLOCK TABLES;

--
-- Table structure for table `product`
--

DROP TABLE IF EXISTS `product`;
/*!40101 SET @saved_cs_client     = @@character_set_client */;
 SET character_set_client = utf8mb4 ;
CREATE TABLE `product` (
  `id` int(10) unsigned NOT NULL AUTO_INCREMENT,
  `name` varchar(150) NOT NULL,
  `description` text,
  `price` int(10) unsigned DEFAULT NULL,
  `category_id` int(10) unsigned DEFAULT NULL,
  `weight` int(10) unsigned DEFAULT NULL,
  `volume` int(10) unsigned DEFAULT NULL,
  `amount` int(10) unsigned DEFAULT NULL,
  `minPlayerAmount` int(10) unsigned DEFAULT NULL,
  `maxPlayerAmount` int(10) unsigned DEFAULT NULL,
  `imageSource` varchar(150) DEFAULT NULL,
  `deleted` tinyint(1) NOT NULL DEFAULT '0',
  `rule` text,
  PRIMARY KEY (`id`),
  KEY `category_id` (`category_id`),
  CONSTRAINT `product_ibfk_1` FOREIGN KEY (`category_id`) REFERENCES `category` (`id`)
) ENGINE=InnoDB AUTO_INCREMENT=66 DEFAULT CHARSET=utf8mb4 COLLATE=utf8mb4_0900_ai_ci;
/*!40101 SET character_set_client = @saved_cs_client */;

--
-- Dumping data for table `product`
--

LOCK TABLES `product` WRITE;
/*!40000 ALTER TABLE `product` DISABLE KEYS */;
INSERT INTO `product` (`id`, `name`, `description`, `price`, `category_id`, `weight`, `volume`, `amount`, `minPlayerAmount`, `maxPlayerAmount`, `imageSource`, `deleted`, `rule`) VALUES (1,'Game of Thrones','',3490,6,400,9004,1000,2,18,'',0,''),(2,'Robinson Cruiso','Unbelievable adventures of Robinosn and his team',3990,3,250,850,989,850,850,'',0,''),(3,'Middara','Middara is a 1-4 player cooperative choose-your-own-adventure style miniatures board game. Players assume the role of a party of adventurers in an ultra-modern fantasy setting that exists alongside our very own Earth. During the game, players will experience an in depth, fully narrative-driven adventure that contains over 90 hours of content. Throughout the narrative you and three of your friends will confront real decisions that change the course of the story and its outcome.\n\nPlayers will face many dangerous adversaries throughout the story and will take part in heated combat with these foes. Middara features an innovative, dice based combat system for these encounters. Based on their equipment and abilities, players will have access to unique two-dice combinations that will increase their attack and damage potential in a variety of ways. In addition to numbers, dice have a particular set of symbols on each face that can be spent according to players currently equipped weapons and abilities. With nine different types of dice, over 110 unique abilities and 150 unique pieces of equipment the possibilities for different character builds are endless.\nWhat makes Middara so compelling is that the outcomes of story decisions and encounters have far-reaching effects that determine how the story moves and resolves. Friends and family might get killed, or they may survive. Maybe the players avoid some problems entirely, only to be faced with a whole new challenge.',3200,20,1204,126,1000,1,6,'',0,''),(4,'T.I.M.E Stories ','The T.I.M.E Agency protects humanity by preventing temporal faults and paradoxes from threatening the fabric of our universe. As temporal agents, you and your team will be sent into the bodies of beings from different worlds or realities to successfully complete the missions given to you. Failure is impossible, as you will be able to go back in time as many times as required.\n\nT.I.M.E Stories is a narrative game, a game of \"decksploration\". Each player is free to give their character as deep a \"role\" as they want, in order to live through a story, as much in the game as around the table. But it\'s also a board game with rules which allow for reflection and optimization.\n\nAt the beginning of the game, the players are at their home base and receive their mission briefing. The object is then to complete it in as few attempts as possible. The actions and movements of the players will use Temporal Units (TU), the quantity of which depend on the scenario and the number of players. Each attempt is called a \"run\"; one run equals the use of all of the Temporal Units at the players\' disposal. When the TU reach zero, the agents are recalled to the agency, and restart the scenario from the beginning, armed with their experience. The object of the game is to make the perfect run, while solving all of the puzzles and overcoming all of a scenarios obstacles.\n\nThe base box contains the entirety of the T.I.M.E Stories system and allows players to play all of the scenarios, the first of which  Asylum  is included. During a scenario, which consists of a deck of 120+ cards, each player explores cards, presented most often in the form of a panorama. Access to some cards require the possession of the proper item or items, while others present surprises, enemies, riddles, clues, and other dangers.\n\nYou usually take possession of local hosts to navigate in a given environment, but who knows what you\'ll have to do to succeed? Roam a med-fan city, looking for the dungeon where the Syaan king is hiding? Survive in the Antarctic while enormous creatures lurk beneath the surface of the ice? Solve a puzzle in an early 20th century asylum? That is all possible, and you might even have to jump from one host to another, or play against your fellow agents from time to time...\n\nIn the box, an insert allows players to \"save\" the game at any point, to play over multiple sessions, just like in a video game. This way, it\'s possible to pause your ongoing game by preserving the state of the receptacles, the remaining TU, the discovered clues, etc.\n\nT.I.M.E Stories is a decksploring game in which each deck makes anything possible!',2000,20,1000,800,966,2,4,NULL,0,''),(5,'T.I.M.E Stories: A Prophecy of Dragons','7553 AT (Alternative Timeline): Forget all you know about the Middle Ages, and explore a new reality in which magic changes everything.\n\nT.I.M.E Stories: A Prophecy of Dragons is the second official expansion for T.I.M.E Stories.',1600,20,400,700,963,2,4,NULL,0,''),(7,' Carcassonne: The River','Der Fluss (The River) is a mini-expansion for Carcassonne. It adds twelve river tiles. All the familiar landscape elements are also present.\n\nThe river tiles are placed first, after that the game continues as normal. No followers may be placed on the river so the scoring is the same as in the basic game.\n\nPart of the Carcassonne series.',1290,25,400,600,976,2,5,NULL,0,''),(8,'Catan: Seafarers','This is an expansion for The Settlers of Catan. Players can build shipping lanes, which are very similar to roads. Additionally, the game comes with many different water-hex-heavy variant setups. The American version (Mayfair) should only be used with the American base game, instead of the German one (Kosmos), because of matching components and for the same reason, the Kosmos German version should only be used with the German base game. Additionally, several different editions exist; 5th edition is the most recent. Editions should only be used with same edition, otherwise the purchase of adapter kit is required.\n\nPart of the Catan Series.',1000,25,350,500,1000,3,4,NULL,0,''),(16,'Monopoly','The classic game of buying and selling\nFor 2 to 6 players ages 8 and up\nA game of luck, chance, and wheeling and dealing\nIncludes a new game piece and rules for a shortened version of the game\nClassic family board game\nA game of luck, chance, and wheeling and dealing\nBuy and sell properties in Atlantic City\nCorner parts of the board, build houses and hotels, and charge other players exorbitant rent\nIncludes a new game piece and rules for a shortened version of the game',2690,24,300,400,997,2,6,'',0,'https://spb.hobbygames.ru/download/rules/Monopoliya_Igra_prestolov_ru.pdf'),(18,'Pandemic:Season II','The world almost ended 71 years ago...\n\nThe plague came out of nowhere and ravaged the world. Most died within a week. Nothing could stop it. The world did its best. It wasn\'t good enough.\n\nFor three generations, we, the last fragments of humanity have lived on the seas, on floating stations called \"havens.\" Far from the plague, we are able to provide supplies to the mainland to keep them (and us) from succumbing completely.\n\nWe\'ve managed to keep a network of the largest known cities in the world alive. Things have been tough the past few years. Cities far away from the havens have fallen off our grid...\n\nTomorrow, a small group of us head out into what\'s left of the world. We don\'t know what we\'ll find.\n\n',2490,20,1,1,988,2,4,'',0,'Pandemic Legacy: Season 2 is an epic cooperative game for 2 to 4 players. Unlike most other games, this one is working against you. What\'s more, some of the actions you take in Pandemic Legacy will carry over to future games. No two worlds will ever be alike!'),(20,'1-10, maths! ','In this game every player has rulers of a specific length which have to be layed on the board. The first player having layed all his / her rulers on the board is the winner. A fun game for young ones who learn counting.',500,4,0,0,1000,2,4,'',0,'https://www.boardgamegeek.com/boardgame/45827/1-10-maths'),(23,'Gloomhaven','Gloomhaven is a game of Euro-inspired tactical combat in a persistent world of shifting motives. Players will take on the role of a wandering adventurer with their own special set of skills and their own reasons for traveling to this dark corner of the world. Players must work together out of necessity to clear out menacing dungeons and forgotten ruins. In the process, they will enhance their abilities with experience and loot, discover new locations to explore and plunder, and expand an ever-branching story fueled by the decisions they make.\n\nThis is a game with a persistent and changing world that is ideally played over many game sessions. After a scenario, players will make decisions on what to do, which will determine how the story continues, kind of like a Choose Your Own Adventure book. Playing through a scenario is a cooperative affair where players will fight against automated monsters using an innovative card system to determine the order of play and what a player does on their turn.\n\nEach turn, a player chooses two cards to play out of their hand. The number on the top card determines their initiative for the round. Each card also has a top and bottom power, and when it is a players turn in the initiative order, they determine whether to use the top power of one card and the bottom power of the other, or vice-versa. Players must be careful, though, because over time they will permanently lose cards from their hands. If they take too long to clear a dungeon, they may end up exhausted and be forced to retreat.',1890,20,0,0,999,2,5,'',0,''),(25,'Forbidden Desert','Gear up for a thrilling adventure to recover a legendary flying machine buried deep in the ruins of an ancient desert city. You\'ll need to coordinate with your teammates and use every available resource if you hope to survive the scorching heat and relentless sandstorm. Find the flying machine and escape before you all become permanent artifacts of the forbidden desert!\n\nIn Forbidden Desert, a thematic sequel to Forbidden Island, players take on the roles of brave adventurers who must throw caution to the wind and survive both blistering heat and blustering sand in order to recover a legendary flying machine buried under an ancient desert city. While featuring cooperative gameplay similar to Forbidden Island, Forbidden Desert is a fresh, new game based around an innovative set of mechanisms such as an ever-shifting board, individual resource management, and a unique method for locating the flying machine parts.',1400,20,0,0,922,2,4,'',0,'http://www.gamewright.com/gamewright/index.php?section=games&page=game&show=277'),(26,'CATAN','In Catan (formerly The Settlers of Catan), players try to be the dominant force on the island of Catan by building settlements, cities, and roads. On each turn dice are rolled to determine what resources the island produces. Players collect these resources (cards)wood, grain, brick, sheep, or stoneto build up their civilizations to get to 10 victory points and win the game.\n\nSetup includes randomly placing large hexagonal tiles (each showing a resource or the desert) in a honeycomb shape and surrounding them with water tiles, some of which contain ports of exchange. Number disks, which will correspond to die rolls (two 6-sided dice are used), are placed on each resource tile. Each player is given two settlements (think: houses) and roads (sticks) which are, in turn, placed on intersections and borders of the resource tiles. Players collect a hand of resource cards based on which hex tiles their last-placed house is adjacent to. A robber pawn is placed on the desert tile.\n\nA turn consists of possibly playing a development card, rolling the dice, everyone (perhaps) collecting resource cards based on the roll and position of houses (or upgraded citiesthink: hotels) unless a 7 is rolled, turning in resource cards (if possible and desired) for improvements, trading cards at a port, and trading resource cards with other players. If a 7 is rolled, the active player moves the robber to a new hex tile and steals resource cards from other players who have built structures adjacent to that tile.\n\nPoints are accumulated by building settlements and cities, having the longest road and the largest army (from some of the development cards), and gathering certain development cards that simply award victory points. When a player has gathered 10 points (some of which may be held in secret), he announces his total and claims the win.',1880,25,45,248,988,3,4,'',0,''),(27,'Arkham horror: The King in Yellow','This expansion to the Arkham Horror Series, introduces a major new mechanic to the game -- Heralds, who prepare the way for the Ancient One to arrive. In addition, old familiar faces will be turned against the investigators in ways they never expected.\n\nFeaturing over 160 new cards, The King in Yellow heralds a darker age for Arkham Horror fans.',2990,20,0,0,984,1,8,'',0,''),(28,'Starving Artists','There\'s no question: the life of an artist is hard. Theres no paycheck to paycheck to live by. What little money you do have you invest right back into paint. And without that paint, theres no way to follow your dream. You dont relish the idea of having to work at a desk, in front a computer, toiling away for some faceless corporate overlord. You really want to make it!\n\nStarving Artists is a game for 1-4 players. It takes about 30-60 minutes (approximately 15 minutes per player).\n\nIn Starving Artists, you are a painter trying to be famous. In the game, paints are the only currency. On your turn, you can buy canvases, paint them or work for more paint. And, at the end of each round, players can put their completed paintings up for sale for more paint and food.\n\nThe game ends when shortly after someone is out or someone manages to paint enough paintings: either in value or quantity. Yes, you can become famous by flooding the painting marketplace.',800,6,0,0,918,1,4,'B:\\store\\28.png',0,''),(29,'Arkham Horror: The Card Game','Something evil stirs in Arkham, and only you can stop it. Blurring the traditional lines between roleplaying and card game experiences, Arkham Horror: The Card Game is a Living Card Game of Lovecraftian mystery, monsters, and madness!\n\nIn the game, you and your friend (or up to three friends with two Core Sets) become characters within the quiet New England town of Arkham. You have your talents, sure, but you also have your flaws. Perhaps you\'ve dabbled a little too much in the writings of the Necronomicon, and its words continue to haunt you. Perhaps you feel compelled to cover up any signs of otherworldly evils, hampering your own investigations in order to protect the quiet confidence of the greater population. Perhaps you\'ll be scarred by your encounters with a ghoulish cult.\n\nNo matter what compels you, no matter what haunts you, you\'ll find both your strengths and weaknesses reflected in your custom deck of cards, and these cards will be your resources as you work with your friends to unravel the world\'s most terrifying mysteries.\n\nEach of your adventures in Arkham Horror LCG carries you deeper into mystery. You\'ll find cultists and foul rituals. You\'ll find haunted houses and strange creatures. And you may find signs of the Ancient Ones straining against the barriers to our world...\n\nThe basic mode of play in Arkham LCG is not the adventure, but the campaign. You might be scarred by your adventures, your sanity may be strained, and you may alter Arkham\'s landscape, burning buildings to the ground. All your choices and actions have consequences that reach far beyond the immediate resolution of the scenario at hand  and your actions may earn you valuable experience with which you can better prepare yourself for the adventures that still lie before you.',800,6,0,0,965,1,2,'B:\\store\\29.png',0,''),(30,'Crocodile','The crocodiles are loose in the luxurious hotel swimming pool! Just seconds ago, the vacationers were enjoying the cool water of the pool, but what is that? A crocodile has just entered the pool - and now there is one less swimmer! Wow! Theres another croc - and another - and another. As the number of crocs in the water increases, the number of swimmers drops! But, the crocs hunt not only the hapless swimmers, but also other crocodiles. Thus, all in the pool strive to save themselves! The player who brings the most swimmers and crocs to the safety of the end of the pool, will win the game!',1500,25,500,23,905,2,2,'',0,''),(31,'Catan: Cities & Knights ','Classic Catan Game',1500,25,0,0,999,3,4,'B:\\store\\31.png',0,'Adds several new aspects to Settlers of Catan but the two major ones are creating knights to protect the land from invading barbarians and building city improvements that confer benefits upon that city\'s owner. Adds tactical complexity to the game and game length.\n\nBelongs to the Catan Series.\n\nThe game changes the base game in three main ways:\n\nFirst, there are 3 new commodities in the game, distinct from resources - paper, cloth, and coins, which can be acquired from Forest, Meadow, and Mountain spaces, respectively. Cities that would normally produce two of one of those resources instead produce 1 resource and 1 of the corresponding commodity. (To make commodities easier to obtain, each player starts the game with 1 city and 1 settlement on the board.) These commodities allow players to build city improvements that confer various advantages and eventually points.\n\nSecond, the deck of development cards is replaced by three different decks, each corresponding to one of the commodities. Building city improvements gives players a chance to draw these cards with every roll of the dice. Building more improvements will increase these chances, but cards cannot be bought directly in any way. These cards are similar to the development cards in the base game, but with a wider range of effects. (Some cards are balanced better as well - the new Resource Monopoly card, for example, can take no more than 2 of the named resource from any one player.)\n\nFinally, players can also build knights on the island along their network of roads. These knights can be used to claim certain intersections and move the Robber (taking the place of Soldier cards), but are also used to defend the island from periodic barbarian attacks. If the island is successfully defended, the player(s) with the most knights are rewarded. If not, the player(s) with the fewest knights each have a city downgraded to a settlement.'),(32,'Dixit','Loveling illustrated game of creative guesswork, where your imagination unlocks the tale!\n\nDixit is a ground-breaking game, offering delightful and thought-provoking entertainment for all your friends and family.\n\nDixit, the first game published by Libellud, features high-quality components and breathtaking artwork. The game includes 84 large-format (8 x 12cm) cards bearing original illustrations by Marie Cardouat.',1000,25,0,0,995,3,6,'',0,'One player is the storyteller for the turn and looks at the images on the 6 cards in her hand. From one of these, she makes up a sentence and says it out loud (without showing the card to the other players).\n\nEach other player selects the card in their hands which best matches the sentence and gives the selected card to the storyteller, without showing it to the others.\n\nThe storyteller shuffles her card with all the received cards. All pictures are shown face up and every player has to bet upon which picture was the storyteller\'s.\n\nIf nobody or everybody finds the correct card, the storyteller scores 0, and each of the other players scores 2. Otherwise the storyteller and whoever found the correct answer score 3. Players score 1 point for every vote for their own card.\n\nThe game ends when the deck is empty or if a player scores 30 points. In either case, the player with the most points wins the game.\n\nThe base game and all expansions have 84 cards each.'),(33,'Pandemic:Season I','In Pandemic, several virulent diseases have broken out simultaneously all over the world! The players are disease-fighting specialists whose mission is to treat disease hotspots while researching cures for each of four plagues before they get out of hand.\n\nThe game board depicts several major population centers on Earth. On each turn, a player can use up to four actions to travel between cities, treat infected populaces, discover a cure, or build a research station. A deck of cards provides the players with these abilities, but sprinkled throughout this deck are Epidemic! cards that accelerate and intensify the diseases\' activity. A second, separate deck of cards controls the \"normal\" spread of the infections.\n\nTaking a unique role within the team, players must plan their strategy to mesh with their specialists\' strengths in order to conquer the diseases. For example, the Operations Expert can build research stations which are needed to find cures for the diseases and which allow for greater mobility between cities; the Scientist needs only four cards of a particular disease to cure it instead of the normal fivebut the diseases are spreading quickly and time is running out. If one or more diseases spreads beyond recovery or if too much time elapses, the players all lose. If they cure the four diseases, they all win!',2300,20,0,0,989,2,4,'B:\\store\\33.png',0,'Pandemic Legacy is a co-operative campaign game, with an overarching story-arc played through 12-24 sessions, depending on how well your group does at the game. At the beginning, the game starts very similar to basic Pandemic, in which your team of disease-fighting specialists races against the clock to travel around the world, treating disease hotspots while researching cures for each of four plagues before they get out of hand.\n\nDuring a player\'s turn, they have four actions available, with which they may travel around in the world in various ways (sometimes needing to discard a card), build structures like research stations, treat diseases (removing one cube from the board; if all cubes of a color have been removed, the disease has been eradicated), trade cards with other players, or find a cure for a disease (requiring five cards of the same color to be discarded while at a research station). Each player has a unique role with special abilities to help them at these actions.\n\nAfter a player has taken their actions, they draw two cards. These cards can include epidemic cards, which will place new disease cubes on the board, and can lead to an outbreak, spreading disease cubes even further. Outbreaks additionally increase the panic level of a city, making that city more expensive to travel to.\n\nEach month in the game, you have two chances to achieve that month\'s objectives. If you succeed, you win and immediately move on to the next month. If you fail, you have a second chance, with more funding for beneficial event cards.\n\nDuring the campaign, new rules and components will be introduced. These will sometimes require you to permanently alter the components of the game; this includes writing on cards, ripping up cards, and placing permanent stickers on components. Your characters can gain new skills, or detrimental effects. A character can even be lost entirely, at which point it\'s no longer available for play.'),(34,'Escape Plan','After a successful bank heist, you and your fellow thieves are laying low and enjoying the good life. Most of the cash has been hidden away, and the rest has been invested in businesses throughout the city. Everything is going according to plan until the police get a breakthrough in their investigation. Accusations are made, fingers are pointed, and after a heated argument, you decide to go your separate ways.\nChaos ensues as the SWAT team is called in and start to close off the citys exits. Your only choice now is to escape the city before it is completely locked down. But you need a plan  a good route that allows you to leave the city while recovering as much of the money as possible.\nYou will need to call in some favors and hire the local gangs to create diversions. Bribing the Police would be a good idea too, but it isn\'t cheap. Disguises may help, but they dont fool everyone. Setting the Police on the trail of your former colleagues will give you a better chance of escape, but the other thieves are thinking the same thing...\nWill you escape the city with the most money, or will the Police lockdown the city before you can escape?',2100,20,400,900,961,1,5,'',0,''),(35,'Europe Divided','\"The threat of world war is no more.\"  Soviet Premier Mikhail Gorbachev\n\nThe end of the Cold War ushered in a new age of European expansion. Central and Eastern Europe had emerged from dictatorships and wanted to consolidate their democracies. They sought European integration to ensure they would not fall back into the Russian sphere of influence. The EU and NATO offered a guarantee of this, and the EU was also seen as vital to ensuring the economic success of those countries. Russia  a shell of its former power as the Soviet Union  could do nothing to slow the European expansion.\n\n\"A strong EU, a strong NATO, and a true strategic partnership between them is profoundly in our interest.\"  US Senator John McCain\n\nBut then things changed. Oil prices increased, bolstering Russia\'s economy. Putin came to power, and despite political discontent in Russia, his popularity remained strong. In 2008, war broke out between Russia and the NATO-aspirant, former Soviet country of Georgia. Russia\'s resurgence had begun, exemplified by the 2014 annexation of Crimea and invasion of eastern Ukraine.\n\n\"If we do not win the New Cold War on terms of our choosing, we will ght at a time and place chosen by our adversary, and the odds will be tilted against us.\"  Edward Lucas former Moscow Bureau Chief for The Economist\n\nEurope Divided is a game of an expansionist Europe, a resurgent Russia, and a new Cold War. In the game, you control of one of the two powers: Europe (controlling both NATO and the European Union) or Russia. You manage conflicts of political and military influence, vying for control over Central and Eastern Europe as well as the Caucasus. Europe is powerful and rich, but bureaucratic and slow to react. Russia lacks Europe\'s resources, but can respond rapidly.\n\nEurope Divided takes place over two periods: 1992-2008 (European Expansion) and 2008-2019 (Russian Resurgence). Players score victory points by having dominant influence in contested countries in Central Europe, Eastern Europe, and the Caucasus. They can also score victory points by bringing key historical events to fruition. The player with the most victory points at the end of the two periods wins.\n\nEurope Divided is rich with history and includes today\'s potential flashpoints, but it features a quick-playing card-driven core mechanism. Players use cards associated with countries they control to establish political and military influence, gain money, and build and deploy their military presence. An elegant deck-manipulation mechanism weakens players\' decks as they increase their influence, creating a tension point between seeking to expand and overreaching. Players also compete over key political events throughout the game. Will the Velvet Revolution result in the split of the Czech Republic and Slovakia? How will the Bosnian War end? The players will decide the fate of history throughout this period of Europe Divided.',3280,25,400,900,929,2,2,'',0,''),(36,'Chess','Chess is a two-player strategy board game played on a checkered board with 64 squares arranged in an 88 grid.The game is played by millions of people worldwide. Chess is believed to be derived from the Indian game chaturanga sometime before the 7th century. Chaturanga is also the likely ancestor of the Eastern strategy games xiangqi, janggi, and shogi. Chess reached Europe by the 9th century, due to the Umayyad conquest of Hispania. The pieces assumed their current powers in Spain in the late 15th century; the modern rules were standardized in the 19th century.',1200,24,400,900,986,2,2,'',0,''),(37,'T.I.M.E Stories: The Marcy Case','Thrilling scenario for T.I.M.E Stories that brings you to the United States in 1992.\nIt is the first official expansion for T.I.M.E Stories.',1006,20,400,900,1000,2,4,'',0,''),(38,'Uno','asd',450,3,123,1234,978,2,5,'B:\\store\\38.png',0,''),(39,'Svintus Juniour','Svintus Junior is the latest addition to the piggish series of games which is geared towards the youngest players. It is different from the adult versions due to simplified rules and illustrations designed specifically for kids.\nThe object of the game is incredibly simple  you must get rid of your cards before your opponents do. You will be helped by a team of Superpigs. Meet our heroes: the super-fast Lightning Pork, the Greedy-Piggy, the Cunning-Piglet, the Cool-Beans Pig, the color-changing Pigameleon, the secretive Mystery-Piggy and the strict Ms. Sauerbraten.\nSwintus Junior is a commercial version of Crazy Eights, a public domain card game played with a standard deck of playing cards. Goal of the game  empty youre hand and catch opposing players with cards left in theirs. Swintus Junior players attempt to play a card by matching its color, number, or word to the topmost card on the discard pile. If unable to play, players draw a card from the draw pile, and if still unable to play, they pass their turn. There are special piggy cards which makes game more interesting, not easy and much funny.',700,3,0,0,935,3,10,'B:\\store\\39.png',0,'https://www.boardgamegeek.com/browse/weblink/thing/131182'),(40,'Monopoly: Rick and Morty','HELPHELPHELP',2990,3,0,0,991,2,5,'B:\\store\\40.png',0,''),(41,'Pathfinder','On the Threshold of Discovery! The ancient lands of Osirion are blanketed by the sands of time, and eldritch secrets and vast riches lie just beneath the sun-blistered surface. As modern Osirion opens its tombs to outsiders for the first time in centuries, many of these lost treasures and secrets are now emergingsome more malign than others. Can your group of heroes brave terrible guardians, foul cults, and the burning sands of the desert to stop the rebirth of an ancient tyrant?\n\nThis complete cooperative strategy game pits 1 to 4 heroes against the monsters, curses, and traps of the Mummys Mask Adventure Path. Choose your characters class, build a deck of equipment, magic, and allies; and explore dangerous locations as you journey through an exciting fantasy tale. As your adventures continue, your characters add unique gear and awesome magic to their decks as they gain incredible powers, all of which theyll need to challenge more and more powerful threats.\n\nThe Pathfinder Adventure Card Game: Mummys Mask Base Set includes:\n\n. More than 500 cards, featuring 7 character classes, a wide array of gear and magical treasures,\nand dozens of allies, monsters, and villains from the Mummys Mask storyline.\n. \"The Half-Dead City Adventure Deck,\" which begins your journey through the Mummys Mask Adventure Path.\n. A complete set of 5 polyhedral dice.',590,20,800,1000,998,1,4,'B:\\store\\41.png',0,'https://www.boardgamegeek.com/boardgame/187687/pathfinder-adventure-card-game-mummys-mask-base-se'),(42,' Conflicted: Survive The Apocalypse','The world is coming to an end, and every aspect of your survival depends on your strategic thinking, cunning, negotiating skills and your sense of humor!\n\nStart as a leader, someone with the skills and courage to confront a post-apocalyptic world and all its new challenges head on. To attract others to your cause youll need to give them a reason to do it. As one of dozens of unique leaders, youll need to amass unique assets such as The Hydroponic Farm, The Gunsmiths Shop, and The Abandoned Surgeons Office and others. Every asset has unique abilities which will enable you to attract other survivors to your cause.\n\nSurvivors will rally to your cause once they have someone who can lead them and provide food and shelter. Theyll fight and die for you and others in the camp. However, they arent simple pawns in a game of survival, each one of these people have unique skills and abilities which can change outcomes of battles and effects of disasters. Youll team up with dozens of unique survivors, such as The Young Patriots, Kim the Farmer and or Jose The Welder or several others. Each survivor has unique sets of skills you can combine in order to help you prosper and stay alive.\n\nOnce you have assets and people, youll need to equip them properly. Barter with other players or use the Trade Post and equip your followers with everything from a Shank and Molotov Cocktails to Drones and Gatling Guns or one of dozens of other unique pieces of gear. Each equipment has special abilities and effects that can turn the tides of war with a roll of the dice.\n\nOnce you have something worth taking, others will come for it. Those who believe in taking other than earning their keep will be even more brutal and hungry after the collapse of society. Youll need to defend your survivor compound against attackers of all kinds, everyone from Biker Gangs and Hungry Mobs to Your Crazy Neighbor and an Angry Drunken Dwarf and a lot more.\n\nThe local government will notice your growing power and they will exercise their right to take control of everything youve built. Theyll send everything from The Marines and The National Guard to The Diplomat and The Property Tax Collector. Will you let them take what they want, fight them off or try to join them?\n\nIn the midst of it all, keep your guard up against other Leaders who will try to expand their influence by taking you out of the game. Use whatever destiny sends your way in the form of Chance Cards such as The Voodoo Doll, Lightning Bolt and a Runaway Goat to try stay on top and win the game.\n\nNature, accidents and the unexpected will also try to wipe you out. Pandemics, Heart Attacks, Ebola, Earthquakes and Nuclear Attacks are just a few of the catastrophes only the prepared will survive.',2350,20,0,0,3,2,6,'',0,''),(43,'My First Carcassonne','Story: On 14 July, the national holiday in France, the sheep, chickens and cows are set free in the town of Carcassonne. The children have great fun to catch the animals before dusk.\n\nThe players in turn draw a landscape tile and place it; unlike in normal Carcassonne, they always match. Amongst other features, the tiles show children in the player colors on the roads. Whenever a road is finished, every player places one of his meeples on each appropriate picture.\n\nThe first player who manages to place all of his meeples wins the game.',1290,4,500,0,0,2,4,'B:\\store\\43.png',0,'https://www.zmangames.com/en/products/my-first-carcassonne/'),(44,'The 7th Continent ','It\'s the early 20th century. You have decided to sail back to the newly discovered seventh continent to attempt to lift the terrible curse that has struck you since your return from the previous expedition.\n\nIn The 7th Continent, a solo or cooperative \"choose-your-own-adventure\" exploration board game, you choose a character and begin your adventure on your own or with a team of other explorers. Inspired by the Fighting Fantasy book series, you will discover the extent of this wild new land through a variety of terrain and event cards. In a land fraught with danger and wonders, you have to use every ounce of wit and cunning to survive, crafting tools, weapons, and shelter to ensure your survival.\n\nUnlike most board games, it will take you many, MANY hours of exploring and searching the seventh continent until you eventually discover how to remove the curse(s)...or die trying.\n\nThe 7th Continent features an easy saving system so that you can stop playing at any time and resume your adventure later on, just like in a video game!',890,3,0,0,20,1,4,'B:\\store\\44.png',0,''),(45,'Star Wars: Imperial Assault','Star Wars: Imperial Assault is a strategy board game of tactical combat and missions for two to five players, offering two distinct games of battle and adventure in the Star Wars universe!\n\nImperial Assault puts you in the midst of the Galactic Civil War between the Rebel Alliance and the Galactic Empire after the destruction of the Death Star over Yavin 4. In this game, you and your friends can participate in two separate games. The campaign game pits the limitless troops and resources of the Galactic Empire against a crack team of elite Rebel operatives as they strive to break the Empires hold on the galaxy, while the skirmish game invites you and a friend to muster strike teams and battle head-to-head over conflicting objectives.\n\nIn the campaign game, Imperial Assault invites you to play through a cinematic tale set in the Star Wars universe. One player commands the seemingly limitless armies of the Galactic Empire, threatening to extinguish the flame of the Rebellion forever. Up to four other players become heroes of the Rebel Alliance, engaging in covert operations to undermine the Empires schemes. Over the course of the campaign, both the Imperial player and the Rebel heroes gain new experience and skills, allowing characters to evolve as the story unfolds.',1500,12,0,0,10,2,5,'B:\\store\\45.png',0,'Imperial Assault offers a different game experience in the skirmish game. In skirmish missions, you and a friend compete in head-to-head, tactical combat. Youll gather your own strike force of Imperials, Rebels, and Mercenaries and build a deck of command cards to gain an unexpected advantage in the heat of battle. Whether you recover lost holocrons or battle to defeat a raiding party, youll find danger and tactical choices in every skirmish.\n\nAs an additional benefit, the Luke Skywalker Ally Pack and the Darth Vader Villain Pack are included within the Imperial Assault Core Set. These figure packs offer sculpted plastic figures alongside additional campaign and skirmish missions that highlight both Luke Skywalker and Darth Vader within Imperial Assault.\n\nWith these Imperial Assault and other Figure Packs, you\'ll find even more missions that allow your heroes to fight alongside iconic characters from the Star Wars saga. Boxed expansions add more heroes, imperial and mercenary groups, and totally new campaigns (see IA Community Wiki for a list), and the free Star Wars: Imperial Assault  Legends of the Alliance app provides you with additional content to play in solo or co-op mode.'),(46,'Rhino Hero','Super Rhino! presents players with an incredibly heroic  and regrettably heavy  rhinoceros who is eager to climb a tall building and leap other tall buildings in a single bound. First, though, you need to construct that building.\n\nSimilar to Turmbau zu Babel',900,4,0,0,0,2,5,'B:\\store\\46.png',0,'\nPlayers each start the game with five roof cards, and they take turns adding walls and roofs to a single building. On a turn, you first place walls on the highest floor, then you choose a roof card in your hand and place it on the wall. Each roof card bears markings that indicate where the next player must place walls on the card. In addition, some roof cards force a player to perform special actions, such as placing a second roof, changing the direction of play, or moving Super Rhino to a new location on the tower. Keep your hands steady!\n\nThe first player to build all of his roof cards wins the game. Alternatively, if the building collapses, the player who caused the collapse automatically loses, and the player with the fewest roof cards in hand wins.'),(47,'Codenames ','Two rival spymasters know the secret identities of 25 agents. Their teammates know the agents only by their CODENAMES.\n\nIn Codenames, two teams compete to see who can make contact with all of their agents first. Spymasters give one-word clues that can point to multiple words on the board. Their teammates try to guess words of the right color while avoiding those that belong to the opposing team. And everyone wants to avoid the assassin.\n\nCodenames: Win or lose, it\'s fun to figure out the clues.',2600,3,0,0,18,2,8,'',0,''),(48,'Uno Frozen','Usual Uno game',600,4,0,0,0,2,10,'B:\\store\\48.png',0,'The usual Uno rules - Players race to empty their hands and catch opposing players with cards left in theirs, which score points. In turns, players attempt to play a card by matching its color or number to the topmost card on the discard pile. If unable to play, players draw cards from the draw pile until they are able to place a card. Wild and special cards spice things up a bit. Additionally, when playing their penultimate card from their hand, players must shout \'UNO\' or face a forfeit of drawing two further cards.\n\nWHAT MAKES THIS DIFFERENT FROM TRADITIONAL UNO: Olafs Summertime Card. When you play this card, you are permitted to discard up to 3 cards from either pink, or yellow colors. This card permits you to also change the color of play. If this card is the first card that is turned up to begin play (the first card of the Discard pile), the starting player gets to choose which card color he can put down.'),(49,'Ricochet','Put your reflexes to the test in this full-tilt action card game! Follow the pinball as it zooms and zips from bumper to bumper. Use number and color cues to figure out which card it will bounce to next. Spot the last place the ball will go, and you win the card. The player with the most cards is the pinball wizard!\n\nThere are 4 numbers on the card and players search for the fifth number of that sequence. The card are drawn and players start to search the number at the same time. The first to find the solution tells it and gets the card if it was correct. At the end of the game the player with the most cards wins.',800,12,0,0,10,2,5,'',0,''),(50,'Utopia Engine','Utopia Engine is a free print-and-play dice game for one player. You play an old artificer named Isodoros who is attempting to reconstruct the Utopia Engine, a fabled device from the distant past and possibly the only hope for averting the fast approaching Doomsday. You must recover the machine\'s six parts from six dangerous regions and assemble the Utopia Engine before the world ends. The game uses simple dice mechanics to simulate searching the wilderness, activating and assembling powerful artifacts, and combat with artifact weapons.\n\nRequires a printed play sheet, two six-sided dice, and a pencil with eraser.',700,12,1,0,98,1,1,'',0,''),(51,' Muggins!','Add, subtract, multiply, and/or divide three (3) numbers shown on the dice to produce an answer. Try to make an answer that helps build and run for you (bonus points) or blocks your opponent\'s run. Throw in a bluff or challenge your opponent\'s answer as you try to outwit and outmaneuver each other in this analytical aerobic workout for the mind!',600,12,0,0,3,1,4,'B:\\store\\51.png',0,'Add, subtract, multiply, and/or divide three (3) numbers shown on the dice to produce an answer. Try to make an answer that helps build and run for you (bonus points) or blocks your opponent\'s run. Throw in a bluff or challenge your opponent\'s answer as you try to outwit and outmaneuver each other in this analytical aerobic workout for the mind!'),(52,'Spirit Island','In the most distant reaches of the world, magic still exists, embodied by spirits of the land, of the sky, and of every natural thing. As the great powers of Europe stretch their colonial empires further and further, they will inevitably lay claim to a place where spirits still hold power - and when they do, the land itself will fight back alongside the islanders who live there.\n\nSpirit Island is a complex and thematic cooperative game about defending your island home from colonizing Invaders. Players are different spirits of the land, each with its own unique elemental powers. Every turn, players simultaneously choose which of their power cards to play, paying energy to do so. Using combinations of power cards that match a spirit\'s elemental affinities can grant free bonus effects. Faster powers take effect immediately, before the Invaders spread and ravage, but other magics are slower, requiring forethought and planning to use effectively. In the Spirit phase, spirits gain energy, and choose how / whether to Grow: to reclaim used power cards, to seek for new power, or to spread presence into new areas of the island.\n\nThe Invaders expand across the island map in a semi-predictable fashion. Each turn they explore into some lands (portions of the island); the next turn, they build in those lands, forming settlements and cities. The turn after that, they ravage there, bringing blight to the land and attacking any native islanders present.\n\nThe islanders fight back against the Invaders when attacked, and lend the spirits some other aid, but may not always do so exactly as you\'d hoped. Some Powers work through the islanders, helping them (eg) drive out the Invaders or clean the land of blight.\n\nThe game escalates as it progresses: spirits spread their presence to new parts of the island and seek out new and more potent powers, while the Invaders step up their colonization efforts. Each turn represents 1-3 years of alternate-history.\n\nAt game start, winning requires destroying every last settlement and city on the board - but as you frighten the Invaders more and more, victory becomes easier: they\'ll run away even if some number of settlements or cities remain. Defeat comes if any spirit is destroyed, if the island is overrun by blight, or if the Invader deck is depleted before achieving victory.\n\nThe game includes different adversaries to fight against (eg: a Swedish Mining Colony, or a Remote British Colony). Each changes play in different ways, and offers a different path of difficulty boosts to keep the game challenging as you gain skill.',2900,20,23,200,200,1,4,'',0,''),(53,'Dominion: Intrigue','Somethings afoot. The steward smiles at you like he has a secret, or like he thinks you have a secret, or like you think he thinks you have a secret. There are secret plots brewing, youre sure of it. At the very least, there are yours. A passing servant murmurs, The eggs are on the plate. You frantically search your codebook for the translation before realizing he means that breakfast is ready. Excellent. Everything is going according to plan.',1800,6,0,0,200,2,4,'C:\\apache-tomcat-8.5.40\\webapps\\ROOT\\assets\\images\\uploads\\53.png',0,'Dominion: Intrigue adds rules for playing with up to 8 players at two tables or for playing a single game with up to 6 players when combined with Dominion. This game adds 25 new Kingdom cards and a complete set of Treasure and Victory cards. The game can be played alone by players experienced in Dominion or with the basic game of Dominion.'),(54,'7 Wonders','You are the leader of one of the 7 great cities of the Ancient World. Gather resources, develop commercial routes, and affirm your military supremacy. Build your city and erect an architectural wonder which will transcend future times.\n\n7 Wonders lasts three ages. In each age, players receive seven cards from a particular deck, choose one of those cards, then pass the remainder to an adjacent player. Players reveal their cards simultaneously, paying resources if needed or collecting resources or interacting with other players in various ways. (Players have individual boards with special powers on which to organize their cards, and the boards are double-sided). Each player then chooses another card from the deck they were passed, and the process repeats until players have six cards in play from that age. After three ages, the game ends.',2350,3,0,0,100,3,7,'C:\\apache-tomcat-8.5.40\\webapps\\ROOT\\assets\\images\\uploads\\54.png',0,'In essence, 7 Wonders is a card development game. Some cards have immediate effects, while others provide bonuses or upgrades later in the game. Some cards provide discounts on future purchases. Some provide military strength to overpower your neighbors and others give nothing but victory points. Each card is played immediately after being drafted, so you\'ll know which cards your neighbor is receiving and how his choices might affect what you\'ve already built up. Cards are passed left-right-left over the three ages, so you need to keep an eye on the neighbors in both directions.\n\nThough the box of earlier editions is listed as being for 37 players, there is an official 2-player variant included in the instructions.'),(55,'Haggle ','HAGGLE is a thinking game for a large group of people. It can be played at a party or over the course of a full day.\n\nOne person serves as moderator, and devises a secret set of scoring rules and prepares a number of colored cards for use as scoring markers. The moderator starts the game by handing each player a sealed envelope containing a small number of colored cards and a couple of scoring rules such as \"Orange cards are worth twice the value of blue cards\" and \"Each white card is worth 5 points unless the player turns in any black cards, in which case white cards are worthless.\" Players may trade cards and/or information in an attempt to acquire the most valuable hand of cards, all or some of which must be turned in to the moderator at a specified time. When the deadline passes, the moderator scores each player\'s cards based on all the scoring rules, and the highest score wins',800,12,0,0,200,10,100,'C:\\apache-tomcat-8.5.40\\webapps\\ROOT\\assets\\images\\uploads\\55.png',0,''),(56,'Android: Netrunner','Welcome to New Angeles, home of the Beanstalk. From our branch offices in this monument of human achievement, NBN proudly broadcasts all your favorite media programming. We offer fully comprehensive streaming in music and threedee, news and sitcoms, classic movies and sensies. We cover it all. Ours is a brave new age, and as humanity hurtles into space and the future with an astonishing series of new advances every day, NBN and our affiliates are keeping pace, bringing you all the vid that\'s fit to view.\n\nAndroid: Netrunner is an asymmetrical Living Card Game for two players. Set in the cyberpunk future of Android and Infiltration, the game pits a megacorporation and its massive resources against the subversive talents of lone runners.\n\nCorporations seek to score agendas by advancing them. Doing so takes time and credits. To buy the time and earn the credits they need, they must secure their servers and data forts with \"ice\". These security programs come in different varieties, from simple barriers, to code gates and aggressive sentries. They serve as the corporation\'s virtual eyes, ears, and machine guns on the sprawling information superhighways of the network.\n\nIn turn, runners need to spend their time and credits acquiring a sufficient wealth of resources, purchasing the necessary hardware, and developing suitably powerful ice-breaker programs to hack past corporate security measures. Their jobs are always a little desperate, driven by tight timelines, and shrouded in mystery. When a runner jacks-in and starts a run at a corporate server, he risks having his best programs trashed or being caught by a trace program and left vulnerable to corporate countermeasures. It\'s not uncommon for an unprepared runner to fail to bypass a nasty sentry and suffer massive brain damage as a result. Even if a runner gets through a data fort\'s defenses, there\'s no telling what it holds. Sometimes, the runner finds something of value. Sometimes, the best he can do is work to trash whatever the corporation was developing.\n\nThe first player to seven points wins the game, but not likely before he suffers some brain damage or bad publicity.',900,6,0,0,50,2,2,'C:\\apache-tomcat-8.5.40\\webapps\\ROOT\\assets\\images\\uploads\\56.png',0,''),(57,'T.I.M.E Stories: Under the Mask ','Enter the Valley of the Kings and unravel a pharaoh\'s secret. Under the Mask is the third expansion for T.I.M.E Stories, the cooperative game of time travel, alternate realities, and unlimited discovery. This time, you and your fellow temporal agents must travel back to ancient Egypt to solve a crime that threatens to destabilize the future.\n\nWith its 142 new cards, Under the Mask immerses you in an age of wonder and intrigue, and for the first time as you explore this historical world, you\'ll be able to take advantage of the instantaneous transfers permitted by your team\'s Instantaneous Transfer Device!',1800,20,0,0,500,2,4,'C:\\OnlineStore-master\\target\\ROOT\\assets\\images\\uploads\\57.png',0,''),(58,'Star Munchkin','The Munchkins are back  but now they\'re Mutants, Androids, and Cat People in space, grabbing Lasers, Vibroswords, and Nova Grenades and fighting Fanged Fuzzballs, Bionic Bimbos, and the Brain In A Jar. Star Munchkin is a complete game using the best-selling Munchkin rules (with a few new twists like Sidekicks), and it can be combined with any other Munchkin items.\n\nPart of the Munchkin series.\n\nMunchkin is a satirical card game based on the clichs and oddities of Dungeons and Dragons and other role-playing games. Each player starts at level 1 and the winner is the first player to reach level 10. Players can acquire familiar D&D style character classes during the game which determine to some extent the cards they can play.\n\nThere are two types of cards - treasure and encounters. Each turn the current players \'kicks down the door\' - drawing an encounter card from the deck. Usually this will involve battling a monster. Monsters have their own levels and players must try and overcome it using the levels, weapons and powers they have acquired during the game or run away. Other players can chose to help the player or hinder by adding extra monsters to the encounter. Defeating a monster will usually result in drawing treasure cards and acquiring levels. Being defeated by a monster results in \"bad stuff\" which usually involves losing levels and treasure.',690,3,588,1200,852,3,6,'',0,'https://spb.hobbygames.ru/download/rules/Munchkin4_rules_new.pdf'),(59,'Jenga','A tower building game.',800,24,1,1,1,1,8,'',0,'Jenga is played with 54 wooden blocks; each block is 3 times as long as it is wide, and slightly smaller in height than in width. The blocks are stacked in a tower formation; each story is three blocks placed adjacent to each other along their long side, and each story is placed perpendicular to the previous (so, for example, if the blocks in the first story are pointing north-south, the second story blocks will point east-west). There are therefore 18 stories to the Jenga tower. Since stacking the blocks neatly can be tedious, a plastic loading tray is included.\n\nOnce the tower is built, the person who built the tower moves first. Moving in Jenga consists of taking one and only one block from any story except the completed top story of the tower at the time of the turn, and placing it on the topmost story in order to complete it. Only one hand at a time may be used to remove a block; both hands can be used, but only one hand may be on the tower at a time. Blocks may be bumped to find a loose block that will not disturb the rest of the tower. Any block that is moved out of place may be left out of place if it is determined that it will knock the tower over if it is removed. The turn ends when the next person to move touches the tower, although he or she can wait 10 seconds before moving for the previous turn to end if they believe the tower will fall in that time.\n\nThe game ends when the tower falls in any significant way -- in other words, any piece falls from the tower, other than the piece being knocked out to move to the top. The loser is the person who made the tower fall (i.e. whose turn it was when the tower fell); the winner is the person who moved before the loser.'),(60,'Munchkin','Go down in the dungeon. Kill everything you meet. Backstab your friends and steal their stuff. Grab the treasure and run.\n\nAdmit it. You love it.\n\nThis award-winning card game, designed by Steve Jackson, captures the essence of the dungeon experience... with none of that stupid roleplaying stuff. You and your friends compete to kill monsters and grab magic items. And what magic items! Don the Horny Helmet and the Boots of Butt-Kicking. Wield the Staff of Napalm... or maybe the Chainsaw of Bloody Dismemberment. Start by slaughtering the Potted Plant and the Drooling Slime, and work your way up to the Plutonium Dragon...\nAnd it\'s illustrated by John Kovalic! Fast-playing and silly, Munchkin can reduce any roleplaying group to hysteria. And, while they\'re laughing, you can steal their stuff.',1000,3,0,0,1,2,6,'',0,''),(61,'Coconuts','Coconuts is a dexterity game based on the \"Monkey King\" character from Chinese mythology.',600,4,0,0,2,2,4,'',0,'Coconuts is a dexterity game based on the \"Monkey King\" character from Chinese mythology.\n\nIn the game, players launch coconuts toward a field of cups in the middle of the playing area. Land in a cup, and you get to stack it on your player board; land in a cup on someone else\'s board, and you get to move it to yours. By playing special \"Monkey King Magic\" cards, you can force opponents to shoot blind, take long shots, or otherwise bollix their efforts to cup a coconut. Whoever first completes a pyramid of six cups on his player board wins!'),(62,'Forbidden Island','Dare to discover Forbidden Island! Join a team of fearless adventurers on a do-or-die mission to capture four sacred treasures from the ruins of this perilous paradise. Your team will have to work together and make some pulse-pounding maneuvers, as the island will sink beneath every step! Race to collect the treasures and make a triumphant escape before you are swallowed into the watery abyss!',2490,3,0,0,0,2,4,'',0,'Forbidden Island is a visually stunning cooperative board game. Instead of winning by competing with other players like most games, everyone must work together to win the game. Players take turns moving their pawns around the \'island\', which is built by arranging the many beautifully screen-printed tiles before play begins. As the game progresses, more and more island tiles sink, becoming unavailable, and the pace increases. Players use strategies to keep the island from sinking, while trying to collect treasures and items. As the water level rises, it gets more difficult- sacrifices must be made.\n\nWhat causes this game to truly stand out among co-op and competitive games alike is the extreme detail that has been paid to the physical components of the game. It comes in a sturdy and organized tin of good shelf storage size. The plastic treasure pieces and wooden pawns are well crafted and they fit just right into the box. The cards are durable, well printed, and easy to understand. The island tiles are the real gem: they are screen-printed with vibrant colors, each with a unique and pleasing image.\n\nWith multiple levels of difficulty, different characters to choose from (each with a special ability of their own), many optional island formats and game variations available, Forbidden Island has huge replay value. The game can be played by as few as two players and up to four (though it can accommodate five). More players translates into a faster and more difficult game, though the extra help can make all the difference. This is a fun game, tricky for players of almost any age. Selling for under twenty dollars, oddly, Forbidden Island is a rare game of both quality and affordable price.\nFor those who enjoy Forbidden Island, a follow-up project by Gamewright titled Forbidden Desert was released in 2013.'),(63,'Loonacy','Loonacy is a rapid fire card game in which players race to be the first to empty their hand by matching one of two images on each card in their hand with the images on the face-up piles in front of them. The number of piles varies depending on the number of players, and if players ever reach a moment in which no one can play, everyone draws a card and adds it to their hand at the same time, then the game play resumes.',490,3,0,0,1,2,6,'',0,'https://spb.hobbygames.ru/download/rules/Fluxx_Loonacy_rules.pdf'),(64,'Leaving Earth','The year is 1956. Mankind stands at the dawn of a new age, the Space Age, when the flying bombs of yesteryear will become the rocket ships of tomorrow. As the director of a national space program, your country is depending on you for success in this great contest. You may be the first to create an artificial satellite, send a probe to another planet, or even put a man on the moon.\n\nLeaving Earth is a game about planning and about managing risk. With even a single grand journey into outer space, you might claim victory in the game. Consequently, it is your job to plan each journey carefully, finding the cheapest, quickest, and safest ways to reach your objectivebut do not spend too long preparing, or another nation might reach its goal before you.\n\nOn your turn, you will be conducting research, building spacecraft, and directing journeys into outer space. To conduct research, you buy an advancement that begins with certain flaws, then you test the advancement to find and eliminate those flaws. To build a spacecraft, you purchase components and assemble them into a whole. To travel to outer space, you expend rockets to maneuver from one location to another.',1890,12,0,0,973,1,5,'',0,''),(65,'7 Wonders Duel','n many ways 7 Wonders Duel resembles its parent game 7 Wonders as over three ages players acquire cards that provide resources or advance their military or scientific development in order to develop a civilization and complete wonders.\n\nWhat\'s different about 7 Wonders Duel is that, as the title suggests, the game is solely for two players, with the players not drafting cards simultaneously from hands of cards, but from a display of face-down and face-up cards arranged at the start of a round. A player can take a card only if it\'s not covered by any others, so timing comes into play as well as bonus moves that allow you to take a second card immediately. As in the original game, each card that you acquire can be built, discarded for coins, or used to construct a wonder.',2100,6,0,0,100,2,2,'',0,'Each player starts with four wonder cards, and the construction of a wonder provides its owner with a special ability. Only seven wonders can be built, though, so one player will end up short.\n\nPlayers can purchase resources at any time from the bank, or they can gain cards during the game that provide them with resources for future building; as you acquire resources, the cost for those particular resources increases for your opponent, representing your dominance in this area.\n\nA player can win 7 Wonders Duel in one of three ways: each time you acquire a military card, you advance the military marker toward your opponent\'s capital, giving you a bonus at certain positions; if you reach the opponent\'s capital, you win the game immediately; similarly, if you acquire any six of seven different scientific symbols, you achieve scientific dominance and win immediately; if none of these situations occurs, then the player with the most points at the end of the game wins.');
/*!40000 ALTER TABLE `product` ENABLE KEYS */;
UNLOCK TABLES;

--
-- Table structure for table `role`
--

DROP TABLE IF EXISTS `role`;
/*!40101 SET @saved_cs_client     = @@character_set_client */;
 SET character_set_client = utf8mb4 ;
CREATE TABLE `role` (
  `id` int(10) unsigned NOT NULL AUTO_INCREMENT,
  `role` varchar(150) NOT NULL,
  PRIMARY KEY (`id`)
) ENGINE=InnoDB AUTO_INCREMENT=4 DEFAULT CHARSET=utf8mb4 COLLATE=utf8mb4_0900_ai_ci;
/*!40101 SET character_set_client = @saved_cs_client */;

--
-- Dumping data for table `role`
--

LOCK TABLES `role` WRITE;
/*!40000 ALTER TABLE `role` DISABLE KEYS */;
INSERT INTO `role` (`id`, `role`) VALUES (1,'ADMIN'),(2,'MANAGER'),(3,'USER');
/*!40000 ALTER TABLE `role` ENABLE KEYS */;
UNLOCK TABLES;

--
-- Table structure for table `role_user`
--

DROP TABLE IF EXISTS `role_user`;
/*!40101 SET @saved_cs_client     = @@character_set_client */;
 SET character_set_client = utf8mb4 ;
CREATE TABLE `role_user` (
  `id` int(10) unsigned NOT NULL AUTO_INCREMENT,
  `role_id` int(10) unsigned DEFAULT NULL,
  `user_id` int(10) unsigned DEFAULT NULL,
  PRIMARY KEY (`id`),
  KEY `role_id` (`role_id`),
  KEY `user_id` (`user_id`),
  CONSTRAINT `role_user_ibfk_1` FOREIGN KEY (`role_id`) REFERENCES `role` (`id`),
  CONSTRAINT `role_user_ibfk_2` FOREIGN KEY (`user_id`) REFERENCES `user` (`id`)
) ENGINE=InnoDB AUTO_INCREMENT=51 DEFAULT CHARSET=utf8mb4 COLLATE=utf8mb4_0900_ai_ci;
/*!40101 SET character_set_client = @saved_cs_client */;

--
-- Dumping data for table `role_user`
--

LOCK TABLES `role_user` WRITE;
/*!40000 ALTER TABLE `role_user` DISABLE KEYS */;
INSERT INTO `role_user` (`id`, `role_id`, `user_id`) VALUES (3,3,3),(9,1,1),(19,3,4),(21,2,1),(47,2,2),(48,3,55),(49,3,56),(50,3,57);
/*!40000 ALTER TABLE `role_user` ENABLE KEYS */;
UNLOCK TABLES;

--
-- Table structure for table `shipping_type`
--

DROP TABLE IF EXISTS `shipping_type`;
/*!40101 SET @saved_cs_client     = @@character_set_client */;
 SET character_set_client = utf8mb4 ;
CREATE TABLE `shipping_type` (
  `id` int(10) unsigned NOT NULL AUTO_INCREMENT,
  `type` varchar(150) NOT NULL,
  `isDeleted` tinyint(1) DEFAULT NULL,
  PRIMARY KEY (`id`)
) ENGINE=InnoDB AUTO_INCREMENT=25 DEFAULT CHARSET=utf8mb4 COLLATE=utf8mb4_0900_ai_ci;
/*!40101 SET character_set_client = @saved_cs_client */;

--
-- Dumping data for table `shipping_type`
--

LOCK TABLES `shipping_type` WRITE;
/*!40000 ALTER TABLE `shipping_type` DISABLE KEYS */;
INSERT INTO `shipping_type` (`id`, `type`, `isDeleted`) VALUES (1,'DHL',0),(2,'EMC',0),(13,'popup',1),(14,'PostOffice',0),(15,'PonyExpress',0);
/*!40000 ALTER TABLE `shipping_type` ENABLE KEYS */;
UNLOCK TABLES;

--
-- Table structure for table `user`
--

DROP TABLE IF EXISTS `user`;
/*!40101 SET @saved_cs_client     = @@character_set_client */;
 SET character_set_client = utf8mb4 ;
CREATE TABLE `user` (
  `id` int(10) unsigned NOT NULL AUTO_INCREMENT,
  `fullName` varchar(150) NOT NULL,
  `birth` date NOT NULL,
  `email` varchar(150) NOT NULL,
  `password` varchar(60) DEFAULT NULL,
  `address_id` int(10) unsigned DEFAULT NULL,
  `isAdmin` tinyint(1) DEFAULT NULL,
  `enabled` tinyint(1) DEFAULT NULL,
  `phone` varchar(20) DEFAULT NULL,
  PRIMARY KEY (`id`),
  KEY `address_id` (`address_id`),
  CONSTRAINT `user_ibfk_1` FOREIGN KEY (`address_id`) REFERENCES `address` (`id`)
) ENGINE=InnoDB AUTO_INCREMENT=58 DEFAULT CHARSET=utf8mb4 COLLATE=utf8mb4_0900_ai_ci;
/*!40101 SET character_set_client = @saved_cs_client */;

--
-- Dumping data for table `user`
--

LOCK TABLES `user` WRITE;
/*!40000 ALTER TABLE `user` DISABLE KEYS */;
INSERT INTO `user` (`id`, `fullName`, `birth`, `email`, `password`, `address_id`, `isAdmin`, `enabled`, `phone`) VALUES (1,'Alisa Meteleva ','2016-03-18','miragge8.al@gmail.com','$2a$10$m35HRaMIUzqZaMUHGt2ewOiXWpSX3Dz/.MFIZPkTsBOV533EhPjPm',74,1,1,'+78005553535'),(2,'Mana Gerr','1965-12-09','yandex2@gmail.com','$2a$10$ZpWl1JtxlTYKnU5YRzKfM.1bM5g9FDG6hhOvhj/tTXPGoEXVj23rK',34,1,1,''),(3,'Client 1','2011-08-08','test1@gmail.com','$2a$10$ZpWl1JtxlTYKnU5YRzKfM.1bM5g9FDG6hhOvhj/tTXPGoEXVj23rK',3,0,1,''),(4,'Client 2','2010-12-09','test2@gmail.com','$2a$10$ZpWl1JtxlTYKnU5YRzKfM.1bM5g9FDG6hhOvhj/tTXPGoEXVj23rK',1,0,1,''),(55,'Test Testov','1979-12-31','username768@gmail.com','$2a$10$.IfHYL9f05jcmyWUaYS5jOSJ75pkNtz5YomIMhslsTS0uWZ68todS',NULL,0,NULL,'+78005553535'),(56,'Test Testov','1979-12-31','username143@gmail.com','$2a$10$p7FkhBpThDM9j048H4KgkeIy2VW3Cz3WnSjITMTnIbBcUyBzCQ1.u',NULL,0,NULL,'+78005553535'),(57,'Test Testov','1979-12-31','username85@gmail.com','$2a$10$KM0GcQ55WOzGR9zuc5/6V.gSIRVqAvASZ0oEbw.3hnMux1.VxY2c6',NULL,0,NULL,'+78005553535');
/*!40000 ALTER TABLE `user` ENABLE KEYS */;
UNLOCK TABLES;

--
-- Dumping events for database 'store'
--
/*!40103 SET TIME_ZONE=@OLD_TIME_ZONE */;

/*!40101 SET SQL_MODE=@OLD_SQL_MODE */;
/*!40014 SET FOREIGN_KEY_CHECKS=@OLD_FOREIGN_KEY_CHECKS */;
/*!40014 SET UNIQUE_CHECKS=@OLD_UNIQUE_CHECKS */;
/*!40101 SET CHARACTER_SET_CLIENT=@OLD_CHARACTER_SET_CLIENT */;
/*!40101 SET CHARACTER_SET_RESULTS=@OLD_CHARACTER_SET_RESULTS */;
/*!40101 SET COLLATION_CONNECTION=@OLD_COLLATION_CONNECTION */;
/*!40111 SET SQL_NOTES=@OLD_SQL_NOTES */;

-- Dump completed on 2019-05-15 21:29:50
